Analysis Problem,Subtask,Method Name,Method Family,Main Input,Main Output,Analysis Problem Basis,Primary Ecosystem,Title,DOI,PMID,Year,Venue,Discovery Route,Discovery Source,Evidence Basis,Accessibility,GitHub URL,Compute Requirement,Registry Status,Notes
Denoising / Signal Recovery,Region-aware denoising / imputation,MIST,Region-aware imputation,target-sample measured spatial transcriptomics matrix with region context,same-resolution denoised or imputed expression matrix,region-aware recovery improves measured ST signal within the existing spatial grid,,Region-specific denoising identifies spatial co-expression patterns and intra-tissue heterogeneity in spatially resolved transcriptomics data,10.1038/s41467-022-34567-0,36376296,2022,Nature Communications,Direct search,Whitelist venue sweep: Nature Communications + targeted PubMed search for spatial transcriptomics denoising and imputation,Migrated from broad Preprocessing during the 2026-05-01 split; primary contribution is region-specific denoising/imputation.,Yes,,CPU,Include,Primary Layer 1 placement is Denoising / Imputation after preprocessing split.
Gene Expression Prediction / Imputation,Spatial expression enhancement / imputation,DIST,Deep-learning denoising / enhancement,array-based spatial transcriptomics expression maps and spatial layout,imputed expression at unmeasured locations and enhanced expression profiles,deep model predicts spatial expression values at unmeasured locations and enhances measured spots,Python / deep learning,DIST: spatial transcriptomics enhancement using deep learning.,10.1093/bib/bbad013,36653906,2023,Briefings in Bioinformatics,SpatialToolDB targeted supplement,PMID 41611568 / SpatialToolDB,Added as a named peer-reviewed spatial transcriptomics denoising/imputation method surfaced by SpatialToolDB and verified by PubMed DOI lookup.,Yes,https://github.com/zhaoyp1997/DIST,Deep learning,Include,"Layer 1 evidence inclusion only; code/package accessibility not directly validated in this supplement. Code/access trace is metadata only; no Layer 3 runtime, callable, adapter, or environment support implied. Layer 1 placement follows spatial expression imputation/enhancement at unmeasured locations; not a missing-gene-only method."
Denoising / Signal Recovery,Spatial transcriptome signal reconstruction,GNTD,Graph-guided neural tensor decomposition,spatial gene expression tensor plus spatial spot graph and optional gene functional graph,imputed/reconstructed spatial expression tensor for measured coordinates,graph-guided tensor decomposition recovers same-resolution measured-coordinate ST signal,Python / deep learning,GNTD: reconstructing spatial transcriptomes with graph-guided neural tensor decomposition informed by spatial and functional relations.,10.1038/s41467-023-44017-0,38092776,2023,Nature Communications,SpatialToolDB targeted supplement,PMID 41611568 / SpatialToolDB,Added as a named peer-reviewed method for reconstructing spatial transcriptomes from spatial gene expression profiling data.,Yes,https://github.com/kuanglab/GNTD,Deep learning,Include,"Primary placement follows reconstruction/imputation claim; Layer 1 inclusion does not imply Layer 2/3/4 support. Code/access trace is metadata only; no Layer 3 runtime, callable, adapter, or environment support implied."
Gene Expression Prediction / Imputation,Prediction post-processing / imputation refinement,SPRITE,Network-guided imputation post-processing,baseline spatial expression predictions plus gene and cell networks,refined predicted spatial expression for target genes,post-processing/meta-algorithm improves imputed or predicted spatial expression values,Python,SPRITE: improving spatial gene expression imputation with gene and cell networks.,10.1093/bioinformatics/btae253,38940132,2024,Bioinformatics,SpatialToolDB targeted supplement,PMID 41611568 / SpatialToolDB,Added as a named peer-reviewed spatial gene-expression imputation method using gene and cell networks.,Yes,https://github.com/sunericd/SPRITE,Standard / scalable,Include,"Layer 1 evidence inclusion only; code/package accessibility not directly validated in this supplement. Code/access trace is metadata only; no Layer 3 runtime, callable, adapter, or environment support implied."
Denoising / Signal Recovery,Spatial smoothing / signal recovery,SPCS,Spatial and pattern combined smoothing,ST expression matrix plus spot positions and expression-pattern neighborhoods,smoothed ST expression values and optional existing-grid blank-spot padding,spatial and pattern smoothing recovers same-resolution expression signal,R,SPCS: a spatial and pattern combined smoothing method for spatial transcriptomic expression.,10.1093/bib/bbac116,35380614,2022,Briefings in Bioinformatics,SpatialToolDB targeted supplement,PMID 41611568 / SpatialToolDB,Added as a named peer-reviewed spatial transcriptomics smoothing/enhancement method aligned with Denoising / Imputation scope.,Yes,https://github.com/Usos/SPCS,Standard,Include,"Primary placement follows expression smoothing/enhancement claim. Code/access trace is metadata only; no Layer 3 runtime, callable, adapter, or environment support implied."
Gene Expression Prediction / Imputation,Unmeasured gene expression prediction,ENGEP,Ensemble reference-assisted gene prediction,spatial query expression matrix plus same- or similar-tissue sc/snRNA-seq references,predicted expression levels for spatially unmeasured genes,ensemble reference-assisted model predicts unmeasured spatial gene expression,R,ENGEP: advancing spatial transcriptomics with accurate unmeasured gene expression prediction.,10.1186/s13059-023-03139-w,38129866,2023,Genome Biology,SpatialToolDB targeted supplement,PMID 41611568 / SpatialToolDB,Added as a named peer-reviewed method for predicting unmeasured gene expression in spatial transcriptomics.,Yes,https://github.com/Zhangxf-ccnu/ENGEP,Standard / ensemble learning,Include,"Boundary with Spatial Gene Prediction should be revisited in Layer 2; current placement follows the local Denoising / Imputation supplement decision. Code/access trace is metadata only; no Layer 3 runtime, callable, adapter, or environment support implied."
Gene Expression Prediction / Imputation,Genome-wide spatial expression inference,iSpatial,Reference-assisted genome-wide spatial expression inference,limited-gene spatial transcriptomics or FISH data plus scRNA-seq reference,genome-wide inferred spatial expression,reference-assisted model infers transcriptome-wide spatial expression values,R,Accurate inference of genome-wide spatial expression with iSpatial.,10.1126/sciadv.abq0990,36026447,2022,Science Advances,SpatialToolDB targeted supplement,PMID 41611568 / SpatialToolDB,Added as a named peer-reviewed method for inferring genome-wide spatial expression from spatial transcriptomics and reference single-cell data.,Yes,https://github.com/Czh3/iSpatial,Standard,Include,"Boundary with Spatial Gene Prediction should be revisited in Layer 2; current placement follows the local Denoising / Imputation supplement decision. Code/access trace is metadata only; no Layer 3 runtime, callable, adapter, or environment support implied."
Artifact Correction,Spot swapping / contamination correction,SpotClean,Probabilistic contamination correction,measured spatial transcriptomics or imaging data with suspected technical artifacts,"artifact-corrected expression, image, or spatial signal for the same sample",artifact correction removes technical artifacts from existing measured data before downstream analysis; row subtask: Spot swapping / contamination correction,,SpotClean adjusts for spot swapping in spatial transcriptomics data,10.1038/s41467-022-30587-y,35624112,2022,Nature Communications,Direct search,Whitelist venue sweep: Nature Communications + targeted PubMed search for spatial transcriptomics contamination correction,Migrated from broad Preprocessing during the 2026-05-01 split; primary contribution is explicit spot-swapping contamination correction.,Yes,https://github.com/zijianni/SpotClean,CPU,Include,"Spot-swapping or contamination correction branch; artifact flags may overlap with tissue biology and require contextual review. Code/access trace is metadata only; no Layer 3 runtime, callable, adapter, or environment support implied. Topic boundary: Artifact Correction = mechanism-specific corrected signal generation; not general QC evidence / reporting / filtering decision support."
Denoising / Signal Recovery,Denoising / gene filtering,SpotGF,Optimal-transport gene filtering,target-sample measured spatial transcriptomics expression matrix,filtered/denoised gene set or expression signal,optimal-transport gene filtering improves measured signal quality at the same resolution,,SpotGF: Denoising spatially resolved transcriptomics data using an optimal transport-based gene filtering algorithm,10.1016/j.cels.2024.09.005,39378875,2024,Cell Systems,Direct search,User-prioritized direct search after preprocessing registry review,Migrated from broad Preprocessing during the 2026-05-01 split; primary contribution is denoising through optimal-transport gene filtering.,Yes,https://github.com/illuminate6060/SpotGF,CPU,Include,"DOI/PMID corrected from PubMed. Boundary with Normalization / Feature Selection should be revisited in Layer 2, but primary claim is denoising."
Data Quality Control,Spatially aware quality control,SpotSweeper,Spatially aware quality control,"raw or early-stage spatial data with coordinates, tissue image, or quality metrics","quality labels, flagged spots/features, or QC summaries",data quality control evaluates measurement reliability before downstream analysis; row subtask: Spatially aware quality control,,SpotSweeper: spatially aware quality control for spatial transcriptomics,10.1038/s41592-025-02713-3,40481362,2025,Nature Methods,Direct search,Whitelist venue sweep: Nature Methods + targeted PubMed search for spatial transcriptomics quality control,Migrated from broad Preprocessing during the 2026-05-01 split; primary contribution is spatially aware quality control.,Yes,https://bioconductor.org/packages/SpotSweeper,CPU,Include,"Post-count spatial/local/regional QC method; flags may overlap with true tissue biology and require contextual review. Code/access trace is metadata only; no Layer 3 runtime, callable, adapter, or environment support implied. Topic boundary: DQC = quality evidence / reporting / filtering decision support; not mechanism-specific corrected signal generation."
Data Quality Control,Automated spatial quality control,SpatialQC,Automated QC reporting and filtering,"raw or early-stage spatial data with coordinates, tissue image, or quality metrics","quality labels, flagged spots/features, or QC summaries",data quality control evaluates measurement reliability before downstream analysis; row subtask: Automated spatial quality control,Cross-platform ST QC tool,SpatialQC: automated quality control for spatial transcriptome data.,10.1093/bioinformatics/btae458,39051702,2024,Bioinformatics,SpatialToolDB targeted supplement,PMID 41611568 / SpatialToolDB,Added as a named peer-reviewed automated quality-control method for spatial transcriptome data.,Yes,https://github.com/mgy520/spatialQC,CPU,Include,"Automated spatial transcriptome QC reporting, filtering, and data-cleaning pipeline; broad QC/reporting scope rather than focused vertical-overlap or local-spatial-artifact detection. Code/access trace is metadata only; no Layer 3 runtime, callable, adapter, or environment support implied. Topic boundary: DQC = quality evidence / reporting / filtering decision support; not mechanism-specific corrected signal generation."
Data Quality Control,3D signal-overlap quality control,ovrlpy,3D transcript-localization overlap QC,"imaging-based SRT transcript coordinates with gene labels and x/y/z localization, optionally cell segmentation masks","vertical signal integrity maps, vertical doublet or overlap calls, and tissue-fold or segmentation-error evidence",data quality control evaluates measurement reliability before downstream analysis; row subtask: 3D signal-overlap quality control,Python,Identifying 3D signal overlaps in spatial transcriptomics data with ovrlpy,10.1038/s41587-026-03004-8,41667711,2026,Nature Biotechnology,User-prioritized targeted supplement,2026-05-05 targeted ovrlpy inclusion check,"Added as an imaging-based SRT quality-control method for detecting vertical signal inconsistency, overlapping cells, tissue folds, and inaccurate segmentation from 3D transcript localization.",Yes,https://github.com/HiDiHlabs/ovrl.py,CPU,Include,"Post-transcript-localization 3D vertical overlap QC; overlap calls are QC evidence and do not by themselves validate segmentation or biological interpretation. Code/access trace is metadata only; no Layer 3 runtime, callable, adapter, or environment support implied. Topic boundary: DQC = quality evidence / reporting / filtering decision support; not mechanism-specific corrected signal generation."
Denoising / Signal Recovery,Image- and position-informed denoising,Sprod,Latent graph denoising,target-sample measured ST with positions and image information,same-resolution denoised spatial expression values,position- and image-informed model recovers measured ST signal without changing the primary grid,,Sprod for de-noising spatially resolved transcriptomics data based on position and image information,10.1038/s41592-022-01560-w,35927477,2022,Nature Methods,Direct search,Whitelist venue sweep: Nature Methods + targeted PubMed search for spatial transcriptomics denoising,Migrated from broad Preprocessing during the 2026-05-01 split; primary contribution is denoising using position and image information.,Yes,,CPU,Include,Primary Layer 1 placement is Denoising / Imputation after preprocessing split.
Spatially Variable Gene Detection,Cell-type-specific SVG detection,Celina,Spatially varying coefficient model,spatial expression matrix with coordinates and optional cell-type or covariate context,"spatially variable genes, spatial gene patterns, or SVG clusters",SVG detection identifies genes with spatially patterned expression; row subtask: Cell-type-specific SVG detection,,Statistical identification of cell type-specific spatially variable genes in spatial transcriptomics,10.1038/s41467-025-56280-4,39865128,2025,Nature Communications,Direct search,User-prioritized direct search after cell-type-specific SVG branch audit,Included as a cell-type-specific SVG method after this branch was accepted as a first-layer subtask.,Yes,https://github.com/pekjoonwu/CELINA,CPU,Include,Included as a cell-type-specific SVG method after this branch was accepted as a stable first-layer subtask.
Spatially Variable Gene Detection,Cell-type-specific SVG detection,ctSVG,Cell-type-specific statistical model,spatial expression matrix with coordinates and optional cell-type or covariate context,"spatially variable genes, spatial gene patterns, or SVG clusters",SVG detection identifies genes with spatially patterned expression; row subtask: Cell-type-specific SVG detection,,Identifying cell-type-specific spatially variable genes with ctSVG,10.1186/s13059-025-03870-6,41361894,2025,Genome Biology,Direct search,Direct gap-filling search after boundary-branch check,Included as a cell-type-specific SVG method after this branch was accepted as a first-layer subtask.,Yes,,CPU,Include,Included as a cell-type-specific SVG method after this branch was accepted as a stable first-layer subtask.
Spatially Variable Gene Detection,Cell-type-specific SVG detection,STANCE,Unified statistical model,spatial expression matrix with coordinates and optional cell-type or covariate context,"spatially variable genes, spatial gene patterns, or SVG clusters",SVG detection identifies genes with spatially patterned expression; row subtask: Cell-type-specific SVG detection,,STANCE: a unified statistical model to detect cell-type-specific spatially variable genes in spatial transcriptomics,10.1038/s41467-025-57117-w,39979358,2025,Nature Communications,Direct search,Direct gap-filling search after seed-guided SVG expansion,Included as a cell-type-specific SVG method after this branch was accepted as a first-layer subtask.,Yes,https://github.com/Cui-STT-Lab/STANCE,CPU,Include,Included as a cell-type-specific SVG method after this branch was accepted as a stable first-layer subtask.
Spatially Variable Gene Detection,Gene-centric tissue pattern mining,STMiner,Gene-centric spatial pattern mining,spatial expression matrix with coordinates and optional cell-type or covariate context,"spatially variable genes, spatial gene patterns, or SVG clusters",SVG detection identifies genes with spatially patterned expression; row subtask: Gene-centric tissue pattern mining,,STMiner: Gene-centric spatial transcriptomics for deciphering tumor tissues,10.1016/j.xgen.2025.100771,39947134,2025,Cell Genomics,Direct search,User-prioritized boundary reconciliation after gene-pattern branch acceptance,Included in the accepted gene-centric tissue-pattern branch because the method's primary contribution is pattern mining from gene-level spatial distributions.,Yes,https://github.com/xjtu-omics/STMiner,CPU,Include,Included in the accepted gene-centric tissue-pattern branch because the method's primary contribution is pattern mining from gene-level spatial distributions.
Spatially Variable Gene Detection,Overall SVG detection,BSP,Granularity-based non-parametric statistic,spatial expression matrix with coordinates and optional cell-type or covariate context,"spatially variable genes, spatial gene patterns, or SVG clusters",SVG detection identifies genes with spatially patterned expression; row subtask: Overall SVG detection,,Dimension-agnostic and granularity-based spatially variable gene identification using BSP,10.1038/s41467-023-43256-5,37963892,2023,Nature Communications,Review seed,Yan et al. Nature Communications 2025 SVG categorization review,Overall SVG method retained from the earlier run.,Yes,https://github.com/juexinwang/BSP,CPU,Include,Stable overall SVG method retained from the earlier run.
Spatially Variable Gene Detection,Overall SVG detection,HEARTSVG,Distribution-free statistical test,spatial expression matrix with coordinates and optional cell-type or covariate context,"spatially variable genes, spatial gene patterns, or SVG clusters",SVG detection identifies genes with spatially patterned expression; row subtask: Overall SVG detection,,HEARTSVG: a fast and accurate method for identifying spatially variable genes in large-scale spatial transcriptomics,10.1038/s41467-024-49846-1,38972896,2024,Nature Communications,Direct search,"Direct gap-filling search after benchmark, review, and venue sweeps",New addition beyond the earlier narrow Batch 1 scratch set.,Yes,,CPU,Include,New stable addition beyond the earlier narrow Batch 1 scratch set.
Spatially Variable Gene Detection,Overall SVG detection,nnSVG,Nearest-neighbor Gaussian process,spatial expression matrix with coordinates and optional cell-type or covariate context,"spatially variable genes, spatial gene patterns, or SVG clusters",SVG detection identifies genes with spatially patterned expression; row subtask: Overall SVG detection,,nnSVG for the scalable identification of spatially variable genes using nearest-neighbor Gaussian processes,10.1038/s41467-023-39748-z,37429865,2023,Nature Communications,Benchmark seed,Li et al. Genome Biology 2025 benchmarking study,Strong whitelist-supported core method.,Yes,https://github.com/lmweber/nnSVG,CPU,Include,Strong whitelist-supported core method.
Spatially Variable Gene Detection,Overall SVG detection,SOMDE,Self-organizing map,spatial expression matrix with coordinates and optional cell-type or covariate context,"spatially variable genes, spatial gene patterns, or SVG clusters",SVG detection identifies genes with spatially patterned expression; row subtask: Overall SVG detection,,SOMDE: a scalable method for identifying spatially variable genes with self-organizing map,10.1093/bioinformatics/btab471,34165490,2021,Bioinformatics,Review seed,Das Adhikari et al. 2024 review + ecosystem-exception sweep,Retained through the ecosystem-exception path with explicit documentation this time.,Yes,https://github.com/XuegongLab/SOMDE,CPU,Include,Retained through the ecosystem-exception path with explicit documentation this time.
Spatially Variable Gene Detection,Overall SVG detection,SPARK,Generalized linear spatial model,spatial expression matrix with coordinates and optional cell-type or covariate context,"spatially variable genes, spatial gene patterns, or SVG clusters",SVG detection identifies genes with spatially patterned expression; row subtask: Overall SVG detection,,Statistical analysis of spatial expression patterns for spatially resolved transcriptomic studies,10.1038/s41592-019-0701-7,31988518,2020,Nature Methods,Benchmark seed,Li et al. Genome Biology 2025 benchmarking study,Benchmark-backed SVG method.,Yes,https://github.com/xzhoulab/SPARK,CPU,Include,Stable benchmark-backed SVG method.
Spatially Variable Gene Detection,Overall SVG detection,SPARK-X,Non-parametric covariance test,spatial expression matrix with coordinates and optional cell-type or covariate context,"spatially variable genes, spatial gene patterns, or SVG clusters",SVG detection identifies genes with spatially patterned expression; row subtask: Overall SVG detection,,SPARK-X: non-parametric modeling enables scalable and robust detection of spatial expression patterns for large spatial transcriptomic studies,10.1186/s13059-021-02404-0,34154649,2021,Genome Biology,Benchmark seed,Li et al. Genome Biology 2025 benchmarking study,Scalable extension of the SPARK family retained in the first-layer registry.,Yes,https://github.com/xzhoulab/SPARK,CPU,Include,Scalable extension of the SPARK family retained in the stable core.
Spatially Variable Gene Detection,Overall SVG detection,SpatialDE,Gaussian process regression,spatial expression matrix with coordinates and optional cell-type or covariate context,"spatially variable genes, spatial gene patterns, or SVG clusters",SVG detection identifies genes with spatially patterned expression; row subtask: Overall SVG detection,,SpatialDE: identification of spatially variable genes,10.1038/nmeth.4636,29553579,2018,Nature Methods,Review seed,Yan et al. Nature Communications 2025 SVG categorization review,Canonical overall SVG baseline retained from the earlier formal pass.,Yes,https://github.com/Teichlab/SpatialDE,CPU,Include,Canonical overall SVG baseline retained from the earlier formal pass.
Integration,Multi-slice alignment / integration,CAST,Single-cell-resolution search-and-match alignment,"multiple spatial slices, batches, modalities, or paired spatial and single-cell datasets","aligned embeddings, integrated representations, harmonized data, or multi-slice maps",integration aligns or harmonizes datasets/modalities for joint analysis; row subtask: Multi-slice alignment / integration,,Search and match across spatial omics samples at single-cell resolution,,,2024,Nature Methods,Benchmark seed,Yan et al. Nature Computational Science 2026 alignment benchmark,Included as a published high-resolution alignment method highlighted by the 2026 alignment benchmark.,Yes,,Optional GPU,Include,Included as a published high-resolution alignment method highlighted by the 2026 alignment benchmark.
Integration,Multi-slice alignment / integration,DeST-OT,Optimal transport spatiotemporal alignment,"multiple spatial slices, batches, modalities, or paired spatial and single-cell datasets","aligned embeddings, integrated representations, harmonized data, or multi-slice maps",integration aligns or harmonizes datasets/modalities for joint analysis; row subtask: Multi-slice alignment / integration,,DeST-OT: Alignment of spatiotemporal transcriptomics data,10.1016/j.cels.2024.12.001,39874960,2025,Cell Systems,PubMed targeted journal sweep,2024-2025 high-priority journal sweep: Cell Systems,Metadata completed from the targeted Cell Systems sweep.,Yes,,CPU,Include,Spatiotemporal transcriptomics alignment method; DOI/PMID added from PubMed.
Integration,Multi-slice alignment / integration,GPSA,Gaussian process spatial alignment,"multiple spatial slices, batches, modalities, or paired spatial and single-cell datasets","aligned embeddings, integrated representations, harmonized data, or multi-slice maps",integration aligns or harmonizes datasets/modalities for joint analysis; row subtask: Multi-slice alignment / integration,,Non-rigid alignment of spatially resolved transcriptomics data with Gaussian process spatial alignment,,37592182,2023,Nature Methods,Direct search,Whitelist venue sweep: Nature Methods + targeted gap-filling search,Included as a non-rigid alignment method complementary to optimal-transport approaches.,Yes,,CPU,Include,Included as a non-rigid alignment method complementary to optimal-transport approaches.
Integration,Multi-slice alignment / integration,GraphST,Graph self-supervised contrastive learning,"multiple spatial slices, batches, modalities, or paired spatial and single-cell datasets","aligned embeddings, integrated representations, harmonized data, or multi-slice maps",integration aligns or harmonizes datasets/modalities for joint analysis; row subtask: Multi-slice alignment / integration,,"Spatially informed clustering, integration, and deconvolution of spatial transcriptomics with GraphST",10.1038/s41467-023-36796-3,36859400,2023,Nature Communications,Benchmark seed,Yan et al. Nature Computational Science 2026 alignment benchmark + clustering benchmark cross-check,Added here as a cross-topic duplicate because integration is one of GraphST's explicit primary outputs.,Yes,https://github.com/JinmiaoChenLab/GraphST,Optional GPU,Include,Added here as a cross-topic duplicate because integration is one of GraphST's explicit primary outputs.
Integration,Multi-slice alignment / integration,PASTE,Optimal transport alignment,"multiple spatial slices, batches, modalities, or paired spatial and single-cell datasets","aligned embeddings, integrated representations, harmonized data, or multi-slice maps",integration aligns or harmonizes datasets/modalities for joint analysis; row subtask: Multi-slice alignment / integration,,Alignment and integration of spatial transcriptomics data,10.1038/s41592-022-01459-6,35577957,2022,Nature Methods,Benchmark seed,2024 and 2025 integration benchmarking studies,Canonical baseline for multi-slice alignment and consensus integration.,Yes,https://github.com/raphael-group/paste,CPU,Include,Canonical baseline for multi-slice alignment and consensus integration.
Integration,Multi-slice alignment / integration,PASTE2,Partial optimal transport alignment,"multiple spatial slices, batches, modalities, or paired spatial and single-cell datasets","aligned embeddings, integrated representations, harmonized data, or multi-slice maps",integration aligns or harmonizes datasets/modalities for joint analysis; row subtask: Multi-slice alignment / integration,,Partial alignment of multislice spatially resolved transcriptomics data,,37553263,2023,bioRxiv,Direct search,Direct gap-filling search after benchmark and review seeding,Included as a frontier extension of the PASTE family despite preprint-only status because its ecosystem relevance is already clear in the first-layer registry.,Yes,https://github.com/raphael-group/paste2,CPU,Include,Included as a frontier extension of the PASTE family despite preprint-only status because its ecosystem relevance is already clear in the first-layer registry.
Integration,Multi-slice alignment / integration,PRECAST,Probabilistic embedding and alignment,"multiple spatial slices, batches, modalities, or paired spatial and single-cell datasets","aligned embeddings, integrated representations, harmonized data, or multi-slice maps",integration aligns or harmonizes datasets/modalities for joint analysis; row subtask: Multi-slice alignment / integration,,"Probabilistic embedding, clustering, and alignment for integrating spatial transcriptomics data with PRECAST",10.1038/s41467-023-35947-w,36653349,2023,Nature Communications,Benchmark seed,Integration benchmark studies and review seeds,Kept in the integration core despite also exposing clustering outputs.,Yes,,CPU,Include,Kept in the stable integration core despite also exposing clustering outputs.
Integration,Multi-slice alignment / integration,SANTO,Coarse-to-fine alignment and stitching,"multiple spatial slices, batches, modalities, or paired spatial and single-cell datasets","aligned embeddings, integrated representations, harmonized data, or multi-slice maps",integration aligns or harmonizes datasets/modalities for joint analysis; row subtask: Multi-slice alignment / integration,,SANTO: a coarse-to-fine alignment and stitching method for spatial omics,,,2024,Nature Communications,Benchmark seed,Yan et al. Nature Computational Science 2026 alignment benchmark,Published stitching and alignment method added from the 2026 benchmark-supported literature set.,Yes,,Optional GPU,Include,Published stitching and alignment method added from the 2026 benchmark-supported literature set.
Integration,Multi-slice alignment / integration,SLAT,Spatial manifold alignment,"multiple spatial slices, batches, modalities, or paired spatial and single-cell datasets","aligned embeddings, integrated representations, harmonized data, or multi-slice maps",integration aligns or harmonizes datasets/modalities for joint analysis; row subtask: Multi-slice alignment / integration,,Spatial-linked alignment tool (SLAT) for aligning heterogenous slices,,,2023,Nature Communications,Benchmark seed,Yan et al. Nature Computational Science 2026 alignment benchmark,Benchmark-supported slice-alignment method added to broaden the published integration layer beyond transport-only methods.,Yes,,Optional GPU,Include,Benchmark-supported slice-alignment method added to broaden the published integration layer beyond transport-only methods.
Integration,Multi-slice alignment / integration,SPACEL,Deep spatial architecture learning,"multiple spatial slices, batches, modalities, or paired spatial and single-cell datasets","aligned embeddings, integrated representations, harmonized data, or multi-slice maps",integration aligns or harmonizes datasets/modalities for joint analysis; row subtask: Multi-slice alignment / integration,,SPACEL: deep learning-based characterization of spatial transcriptome architectures,10.1038/s41467-023-43220-3,37990022,2023,Nature Communications,Direct search,User-prioritized direct search after architecture-method audit,Added here as a cross-topic duplicate because Scube performs explicit 3D slice alignment and tissue stacking.,Yes,https://github.com/QuKunLab/SPACEL,Optional GPU,Include,Added here as a cross-topic duplicate because Scube performs explicit 3D slice alignment and tissue stacking.
Integration,Multi-slice alignment / integration,STalign,Diffeomorphic metric mapping,"multiple spatial slices, batches, modalities, or paired spatial and single-cell datasets","aligned embeddings, integrated representations, harmonized data, or multi-slice maps",integration aligns or harmonizes datasets/modalities for joint analysis; row subtask: Multi-slice alignment / integration,,STalign: Alignment of spatial transcriptomics data using diffeomorphic metric mapping,10.1038/s41467-023-43915-7,38065970,2023,Nature Communications,Direct search,Whitelist venue sweep: Nature Communications + direct integration gap search,Retained for cross-technology alignment and coordinate-framework mapping.,Yes,https://github.com/JEFworks-Lab/STalign,CPU,Include,Retained for cross-technology alignment and coordinate-framework mapping.
Integration,Multi-slice alignment / integration,STAligner,Graph attention integration,"multiple spatial slices, batches, modalities, or paired spatial and single-cell datasets","aligned embeddings, integrated representations, harmonized data, or multi-slice maps",integration aligns or harmonizes datasets/modalities for joint analysis; row subtask: Multi-slice alignment / integration,,"Integrating spatial transcriptomics data across different conditions, technologies and developmental stages",10.1038/s43588-023-00528-w,38177758,2023,Nature Computational Science,Benchmark seed,Integration benchmark and review seeding,Promoted under a narrow Benchmark Override after repeated independent benchmark support confirmed it as an in-scope integration method.,Yes,https://github.com/zhoux85/STAligner,Optional GPU,Include,Promoted under a narrow Benchmark Override after repeated independent benchmark support confirmed it as an in-scope integration method.
Graph / Neighborhood,Neighborhood / niche representation learning,CellCharter,Spatial niche clustering,"spatial expression with coordinates, neighbor graph, or cellular community context","neighborhood representations, spatial graphs, niches, motifs, or topology summaries",graph/neighborhood analysis models local spatial relationships rather than primary gene prediction; row subtask: Neighborhood / niche representation learning,,CellCharter reveals spatial cell niches associated with tissue remodeling and cell plasticity,10.1038/s41588-023-01588-4,38066188,2024,Nature Genetics,Direct search,Whitelist venue sweep: Nature Genetics + targeted neighborhood-method search,Strong representative for niche representation and comparison across cohorts.,Yes,https://github.com/CSOgroup/cellcharter,CPU,Include,Strong stable representative for niche representation and comparison across cohorts.
Graph / Neighborhood,Neighborhood / niche representation learning,ENVI,Covariance niche representation plus conditional variational autoencoder,"spatial expression with coordinates, neighbor graph, or cellular community context","neighborhood representations, spatial graphs, niches, motifs, or topology summaries",graph/neighborhood analysis models local spatial relationships rather than primary gene prediction; row subtask: Neighborhood / niche representation learning,,The covariance environment defines cellular niches for spatial inference,10.1038/s41587-024-02193-4,38565973,2025,Nature Biotechnology,Direct search,User-prioritized niche-representation audit after neighborhood topic review,Included as a niche-representation and spatial inference framework centered on covariance-defined cellular neighborhoods.,Yes,https://github.com/dpeerlab/ENVI,Optional GPU,Include,Included as a niche-representation and spatial inference framework centered on covariance-defined cellular neighborhoods.
Graph / Neighborhood,Neighborhood / niche representation learning,mNSF,Multi-sample spatial factorization,"spatial expression with coordinates, neighbor graph, or cellular community context","neighborhood representations, spatial graphs, niches, motifs, or topology summaries",graph/neighborhood analysis models local spatial relationships rather than primary gene prediction; row subtask: Neighborhood / niche representation learning,,Multi-sample non-negative spatial factorization,10.1186/s13059-025-03601-x,40457480,2025,Genome Biology,Direct search,Published Genome Biology version confirmed during neighborhood supplement review,Included after the published Genome Biology version resolved the earlier venue and metadata uncertainty.,Yes,,CPU,Include,Included after the published Genome Biology version resolved the earlier venue and metadata uncertainty.
Graph / Neighborhood,Neighborhood / niche representation learning,NNMF,Neighborhood nonnegative matrix factorization,"spatial expression with coordinates, neighbor graph, or cellular community context","neighborhood representations, spatial graphs, niches, motifs, or topology summaries",graph/neighborhood analysis models local spatial relationships rather than primary gene prediction; row subtask: Neighborhood / niche representation learning,,Neighborhood nonnegative matrix factorization identifies patterns and spatially-variable genes in large-scale spatial transcriptomics data,10.1186/s13059-025-03846-6,41546049,2026,Genome Biology,Direct search,Whitelist venue sweep: Genome Biology + targeted neighborhood-method search,New 2026 addition that broadens the neighborhood-representation layer beyond the older factorization methods.,Yes,,CPU,Include,New 2026 addition that broadens the neighborhood-representation layer beyond the older factorization methods.
Graph / Neighborhood,Neighborhood / niche representation learning,NSF,Non-negative spatial factorization,"spatial expression with coordinates, neighbor graph, or cellular community context","neighborhood representations, spatial graphs, niches, motifs, or topology summaries",graph/neighborhood analysis models local spatial relationships rather than primary gene prediction; row subtask: Neighborhood / niche representation learning,,Nonnegative spatial factorization applied to spatial genomics,10.1038/s41592-022-01687-w,36587187,2023,Nature Methods,Direct search,Whitelist venue sweep: Nature Methods + neighborhood representation search,Retained as a factorization-based neighborhood representation method.,Yes,,CPU,Include,Retained as a factorization-based neighborhood representation method.
Graph / Neighborhood,Neighborhood / niche representation learning,SOTIP,Optimal-transport microenvironment modeling,"spatial expression with coordinates, neighbor graph, or cellular community context","neighborhood representations, spatial graphs, niches, motifs, or topology summaries",graph/neighborhood analysis models local spatial relationships rather than primary gene prediction; row subtask: Neighborhood / niche representation learning,,SOTIP: an optimal-transport-based framework for identifying spatial domains in tissues,,,2022,Nature Communications,Benchmark seed,Li et al. Nature Methods 2024 spatial clustering benchmark,Added under neighborhood analysis because tissue microenvironment representation is one of its primary practical outputs.,Yes,,CPU,Include,Added under neighborhood analysis because tissue microenvironment representation is one of its primary practical outputs.
Spatial Trajectory Analysis,Spatial trajectory inference,SpaTrack,Optimal transport trajectory inference,"spatial expression with velocity, temporal, lineage, or ordered-state cues","spatial trajectories, pseudotime, velocity fields, or spatiotemporal structure",spatial trajectory analysis infers ordered state transitions or dynamics in tissue context; row subtask: Spatial trajectory inference,,Inferring cell trajectories of spatial transcriptomics via optimal transport analysis,10.1016/j.cels.2025.101194,39904341,2025,Cell Systems,Direct search,User-prioritized boundary reconciliation after trajectory-topic acceptance,Included as the anchor method for the accepted spatial trajectory inference topic.,Yes,https://github.com/yzf072/spaTrack,CPU,Include,"Included as the anchor method for the accepted spatial trajectory inference topic. Trajectory, velocity, pseudotime, fate, and causal outputs are model-based interpretations, not lineage tracing, migration proof, real time, or experimental causality. Code/access trace is metadata only; no Layer 3 runtime, callable, adapter, or environment support implied."
Spatial Trajectory Analysis,Spatial trajectory inference,spVelo,Spatial RNA velocity inference,"spatial expression with velocity, temporal, lineage, or ordered-state cues","spatial trajectories, pseudotime, velocity fields, or spatiotemporal structure",spatial trajectory analysis infers ordered state transitions or dynamics in tissue context; row subtask: Spatial trajectory inference,,spVelo: RNA velocity inference for multi-batch spatial transcriptomics data,10.1186/s13059-025-03701-8,40790237,2025,Genome Biology,Direct search,Whitelist venue sweep: Genome Biology + targeted trajectory-method search,Consolidation-ready trajectory method with explicit install steps and tutorial notebook.,Yes,https://github.com/VivLon/spVelo,Optional GPU,Include,"Consolidation-ready trajectory method with explicit install steps and tutorial notebook. Trajectory, velocity, pseudotime, fate, and causal outputs are model-based interpretations, not lineage tracing, migration proof, real time, or experimental causality. Code/access trace is metadata only; no Layer 3 runtime, callable, adapter, or environment support implied."
Spatial Trajectory Analysis,Spatial trajectory inference,STT,Multiscale tensor dynamics,"spatial expression with velocity, temporal, lineage, or ordered-state cues","spatial trajectories, pseudotime, velocity fields, or spatiotemporal structure",spatial trajectory analysis infers ordered state transitions or dynamics in tissue context; row subtask: Spatial trajectory inference,,Spatial transition tensor of single cells,10.1038/s41592-024-02266-x,38755322,2024,Nature Methods,Direct search,Whitelist venue sweep: Nature Methods + targeted trajectory-method search,"Consolidation-ready strict-core trajectory method with public repo, install instructions, and example notebooks.",Yes,https://github.com/cliffzhou92/STT,CPU,Include,"Consolidation-ready strict-core trajectory method with public repo, install instructions, and example notebooks. Trajectory, velocity, pseudotime, fate, and causal outputs are model-based interpretations, not lineage tracing, migration proof, real time, or experimental causality. Code/access trace is metadata only; no Layer 3 runtime, callable, adapter, or environment support implied."
Program Discovery,Multicellular / program discovery,CellPie,Joint non-negative matrix factorization,"spatial expression, topics, genes, networks, or factorization inputs","gene programs, topics, factors, modules, or regulatory/co-expression programs",program discovery extracts latent or interpretable gene/program structure from spatial data; row subtask: Multicellular / program discovery,,CellPie: a scalable spatial transcriptomics factor discovery method via joint non-negative matrix factorization,10.1093/nar/gkaf251,40167331,2025,Nucleic Acids Research,Direct search,User-prioritized direct search after Program Discovery topic audit,Included as a scalable spatial factor discovery method that fits the multicellular program branch.,Yes,,CPU,Include,Included as a scalable spatial factor discovery method that fits the multicellular program branch.
Program Discovery,Multicellular / program discovery,DIALOGUE,Coordinated latent program modeling,"spatial expression, topics, genes, networks, or factorization inputs","gene programs, topics, factors, modules, or regulatory/co-expression programs",program discovery extracts latent or interpretable gene/program structure from spatial data; row subtask: Multicellular / program discovery,,DIALOGUE maps multicellular programs in tissue from single-cell or spatial transcriptomics data,10.1038/s41587-022-01288-0,35513526,2022,Nature Biotechnology,Direct search,User-prioritized direct search after Program Discovery topic audit,Included as a direct multicellular program discovery method for tissue-resolved data.,Yes,https://github.com/livnatje/DIALOGUE,CPU,Include,Included as a direct multicellular program discovery method for tissue-resolved data.
Program Discovery,Multicellular / program discovery,scITD,Interpretable tensor decomposition,"spatial expression, topics, genes, networks, or factorization inputs","gene programs, topics, factors, modules, or regulatory/co-expression programs",program discovery extracts latent or interpretable gene/program structure from spatial data; row subtask: Multicellular / program discovery,,"Coordinated, multicellular patterns of transcriptional variation that stratify patient cohorts are revealed by tensor decomposition",10.1038/s41587-024-02411-z,39313646,2025,Nature Biotechnology,Direct search,User-prioritized direct search for multicellular program methods,Included as a cohort-stratifying multicellular program discovery method grounded in interpretable tensor decomposition.,Yes,https://github.com/kharchenkolab/scITD,CPU,Include,Included as a cohort-stratifying multicellular program discovery method grounded in interpretable tensor decomposition.
Program Discovery,Multicellular / program discovery,SPICEMIX,Probabilistic latent variable modeling,"spatial expression, topics, genes, networks, or factorization inputs","gene programs, topics, factors, modules, or regulatory/co-expression programs",program discovery extracts latent or interpretable gene/program structure from spatial data; row subtask: Multicellular / program discovery,,SPICEMIX enables integrative single-cell spatial modeling of cell identity,10.1038/s41588-022-01256-z,36624346,2023,Nature Genetics,Review seed,Nature Reviews Genetics 2025 deconvolution review + Program Discovery topic audit,Included as a cell-identity and factor-modeling method that cleanly fits multicellular program discovery.,Yes,https://github.com/ma-compbio/SpiceMix,CPU,Include,Included as a cell-identity and factor-modeling method that cleanly fits multicellular program discovery.
Domain / Clustering,Spatial domain identification,ADEPT,Graph autoencoder with iterative imputation,"spatial expression, multi-omics, image, or neighborhood features for a tissue section","spatial domains, clusters, tissue regions, or embeddings supporting domain labels",domain/clustering methods partition tissue into spatially coherent regions or clusters; row subtask: Spatial domain identification,,ADEPT: a graph autoencoder with imputation and iterative clustering for robust spatial transcriptomics clustering,10.1093/bib/bbad144,37235055,2023,Briefings in Bioinformatics,Benchmark seed,Genome Biology 2024 and Nature Methods 2024 spatial clustering benchmarks + targeted method-paper check,Included because benchmark coverage and the method paper support robust spatial-domain identification through graph autoencoding with iterative imputation.,Yes,https://github.com/maiziezhoulab/ADEPT,Optional GPU,Include,Included because benchmark coverage and the method paper support robust spatial-domain identification through graph autoencoding with iterative imputation.
Domain / Clustering,Spatial domain identification,BANKSY,Neighborhood-kernel clustering,"spatial expression, multi-omics, image, or neighborhood features for a tissue section","spatial domains, clusters, tissue regions, or embeddings supporting domain labels",domain/clustering methods partition tissue into spatially coherent regions or clusters; row subtask: Spatial domain identification,,BANKSY unifies cell typing and tissue domain segmentation for scalable spatial omics data analysis,10.1038/s41588-024-01664-3,38413725,2024,Nature Genetics,Direct search,Whitelist venue sweep: Nature Genetics + targeted domain-method search,Included here because domain segmentation is one of BANKSY's primary outputs.,Yes,https://github.com/prabhakarlab/Banksy_py,CPU,Include,Included here because domain segmentation is one of BANKSY's primary stable outputs.
Domain / Clustering,Spatial domain identification,BASS,Bayesian multiscale clustering,"spatial expression, multi-omics, image, or neighborhood features for a tissue section","spatial domains, clusters, tissue regions, or embeddings supporting domain labels",domain/clustering methods partition tissue into spatially coherent regions or clusters; row subtask: Spatial domain identification,,BASS: multi-scale and multi-sample analysis enables accurate cell type clustering and spatial domain detection in spatial transcriptomic studies,,,2022,Genome Biology,Benchmark seed,Li et al. Nature Methods 2024 spatial clustering benchmark + NAR 2025 domain benchmark,Benchmark-supported Bayesian domain-identification method added from the published clustering benchmark set.,Yes,,CPU,Include,Benchmark-supported Bayesian domain-identification method added from the published clustering benchmark set.
Domain / Clustering,Spatial domain identification,BayesSpace,Bayesian spatial clustering,"spatial expression, multi-omics, image, or neighborhood features for a tissue section","spatial domains, clusters, tissue regions, or embeddings supporting domain labels",domain/clustering methods partition tissue into spatially coherent regions or clusters; row subtask: Spatial domain identification,,Spatial transcriptomics at subspot resolution with BayesSpace,10.1038/s41587-021-00935-2,34083791,2021,Nature Biotechnology,Benchmark seed,2024 and 2025 spatial clustering benchmarking studies,Benchmark-backed core method for domain identification.,Yes,https://github.com/edward130603/BayesSpace,CPU,Include,Stable benchmark-backed core method for domain identification.
Domain / Clustering,Spatial domain identification,CCST,Graph neural network clustering,"spatial expression, multi-omics, image, or neighborhood features for a tissue section","spatial domains, clusters, tissue regions, or embeddings supporting domain labels",domain/clustering methods partition tissue into spatially coherent regions or clusters; row subtask: Spatial domain identification,,Cell clustering for spatial transcriptomics data with graph neural networks,,,2022,Nature Computational Science,Benchmark seed,Li et al. Nature Methods 2024 spatial clustering benchmark,Benchmark-listed clustering method added because spatial-domain identification is one of its explicit use cases.,Yes,,Optional GPU,Include,Benchmark-listed clustering method added because spatial-domain identification is one of its explicit use cases.
Domain / Clustering,Spatial domain identification,ConGI,Histology-guided contrastive learning,"spatial expression, multi-omics, image, or neighborhood features for a tissue section","spatial domains, clusters, tissue regions, or embeddings supporting domain labels",domain/clustering methods partition tissue into spatially coherent regions or clusters; row subtask: Spatial domain identification,,Identifying spatial domain by adapting transcriptomics with histology through contrastive learning,10.1093/bib/bbad048,,2023,Briefings in Bioinformatics,Benchmark seed,Genome Biology 2024 spatial clustering benchmark + targeted paper check,Included because benchmark coverage treats it as an image-guided spatial-domain method with especially strong tumor-dataset relevance.,Yes,https://github.com/biomed-AI/ConGI,Optional GPU,Include,Included because benchmark coverage treats it as an image-guided spatial-domain method with especially strong tumor-dataset relevance.
Domain / Clustering,Spatial domain identification,conST,Multimodal contrastive graph learning,"spatial expression, multi-omics, image, or neighborhood features for a tissue section","spatial domains, clusters, tissue regions, or embeddings supporting domain labels",domain/clustering methods partition tissue into spatially coherent regions or clusters; row subtask: Spatial domain identification,,conST: an interpretable multi-modal contrastive learning framework for spatial transcriptomics,10.1101/2022.01.14.476408,,2022,bioRxiv,Benchmark seed,Genome Biology 2024 spatial clustering benchmark + targeted repository check,Included because the clustering benchmark explicitly treats conST as a spatial-domain method and it fills the multimodal contrastive bridge inside the current domain-identification landscape.,Yes,https://github.com/ys-zong/conST,Optional GPU,Include,Included because the clustering benchmark explicitly treats conST as a spatial-domain method and it fills the multimodal contrastive bridge inside the current domain-identification landscape.
Domain / Clustering,Spatial domain identification,DeepST,Deep pathological-architecture learning,"spatial expression, multi-omics, image, or neighborhood features for a tissue section","spatial domains, clusters, tissue regions, or embeddings supporting domain labels",domain/clustering methods partition tissue into spatially coherent regions or clusters; row subtask: Spatial domain identification,,Define and visualize pathological architectures of human tissues from spatially resolved transcriptomics using deep learning,,,2022,Computational and Structural Biotechnology Journal,Benchmark seed,Li et al. Nature Methods 2024 spatial clustering benchmark + targeted published-method check,Added as a published deep-learning spatial-domain method surfaced by the clustering benchmark literature.,Yes,,Optional GPU,Include,Added as a published deep-learning spatial-domain method surfaced by the clustering benchmark literature.
Domain / Clustering,Spatial domain identification,DR-SC,Joint dimension reduction and clustering,"spatial expression, multi-omics, image, or neighborhood features for a tissue section","spatial domains, clusters, tissue regions, or embeddings supporting domain labels",domain/clustering methods partition tissue into spatially coherent regions or clusters; row subtask: Spatial domain identification,,Joint dimension reduction and clustering analysis for single-cell RNA-seq and spatial transcriptomics data,,,2024,Biometrics,Benchmark seed,Li et al. Nature Methods 2024 spatial clustering benchmark + NAR 2025 domain benchmark,Published joint dimension-reduction and clustering method added after benchmark-guided reassessment.,Yes,,CPU,Include,Published joint dimension-reduction and clustering method added after benchmark-guided reassessment.
Domain / Clustering,Spatial domain identification,GraphST,Graph self-supervised contrastive learning,"spatial expression, multi-omics, image, or neighborhood features for a tissue section","spatial domains, clusters, tissue regions, or embeddings supporting domain labels",domain/clustering methods partition tissue into spatially coherent regions or clusters; row subtask: Spatial domain identification,,"Spatially informed clustering, integration, and deconvolution of spatial transcriptomics with GraphST",10.1038/s41467-023-36796-3,36859400,2023,Nature Communications,Benchmark seed,Spatial clustering benchmark seeds,Retained under Domain / Clustering because clustering is its primary primary contribution in this survey.,Yes,https://github.com/JinmiaoChenLab/GraphST,Optional GPU,Include,Retained under Domain / Clustering because clustering is its primary stable contribution in this survey.
Domain / Clustering,Spatial domain identification,MENDER,Multi-range cellular-context representation,"spatial expression, multi-omics, image, or neighborhood features for a tissue section","spatial domains, clusters, tissue regions, or embeddings supporting domain labels",domain/clustering methods partition tissue into spatially coherent regions or clusters; row subtask: Spatial domain identification,,MENDER: fast and scalable tissue structure identification in spatial omics data,10.1038/s41467-023-44367-9,38182575,2024,Nature Communications,Direct search,User-prioritized domain-identification audit after benchmark reassessment,"Included as a fast, scalable tissue-structure identification method with explicit multi-slice alignment capability.",Yes,https://github.com/yuanzhiyuan/MENDER,CPU,Include,"Included as a fast, scalable tissue-structure identification method with explicit multi-slice alignment capability."
Domain / Clustering,Spatial domain identification,Pianno,Marker-guided Bayesian semantic annotation,"spatial expression, multi-omics, image, or neighborhood features for a tissue section","spatial domains, clusters, tissue regions, or embeddings supporting domain labels",domain/clustering methods partition tissue into spatially coherent regions or clusters; row subtask: Spatial domain identification,,Pianno: a probabilistic framework automating semantic annotation for spatial transcriptomics,10.1038/s41467-024-47152-4,38565531,2024,Nature Communications,Direct search,User-prioritized direct search after annotation-branch audit + domain reassignment,Included here because its semantic annotation objective aligns more closely with domain identification than with deconvolution.,Yes,https://github.com/yuqiuzhou/Pianno,CPU,Include,Included here because its semantic annotation objective aligns more closely with domain identification than with deconvolution.
Domain / Clustering,Spatial domain identification,PRECAST,"Probabilistic embedding, clustering, and alignment","spatial expression, multi-omics, image, or neighborhood features for a tissue section","spatial domains, clusters, tissue regions, or embeddings supporting domain labels",domain/clustering methods partition tissue into spatially coherent regions or clusters; row subtask: Spatial domain identification,,"Probabilistic embedding, clustering, and alignment for integrating spatial transcriptomics data with PRECAST",10.1038/s41467-023-35947-w,36653349,2023,Nature Communications,Benchmark seed,Spatial clustering benchmarks + cross-topic duplication from integration,Duplicated here because clustering and domain identification are explicit outputs alongside integration.,Yes,,CPU,Include,Duplicated here because clustering and domain identification are explicit outputs alongside integration.
Domain / Clustering,Spatial domain identification,PROST,Pattern-recognition framework,"spatial expression, multi-omics, image, or neighborhood features for a tissue section","spatial domains, clusters, tissue regions, or embeddings supporting domain labels",domain/clustering methods partition tissue into spatially coherent regions or clusters; row subtask: Spatial domain identification,,PROST: quantitative identification of spatially variable genes and domain detection in spatial transcriptomics,10.1038/s41467-024-44835-w,38238417,2024,Nature Communications,Review seed,Yan et al. Nature Communications 2025 SVG categorization review + domain reassignment,Included here because its coupled domain-discovery objective fits ordinary spatial domain identification better than the accepted SVG branches.,Yes,https://github.com/Tang-Lab-super/PROST,CPU,Include,Included here because its coupled domain-discovery objective fits ordinary spatial domain identification better than the accepted SVG branches.
Domain / Clustering,Spatial domain identification,SEDR,Graph neural network clustering,"spatial expression, multi-omics, image, or neighborhood features for a tissue section","spatial domains, clusters, tissue regions, or embeddings supporting domain labels",domain/clustering methods partition tissue into spatially coherent regions or clusters; row subtask: Spatial domain identification,,Unsupervised spatially embedded deep representation of spatial transcriptomics,,,2024,Genome Medicine,Benchmark seed,Li et al. Nature Methods 2024 spatial clustering benchmark + NAR 2025 domain benchmark,Published deep-representation domain method retained because both benchmark papers include it in the current clustering landscape.,Yes,https://github.com/JinmiaoChenLab/SEDR,Optional GPU,Include,Published deep-representation domain method retained because both benchmark papers include it in the current clustering landscape.
Domain / Clustering,Spatial domain identification,SiGra,Image-augmented graph transformer,"spatial expression, multi-omics, image, or neighborhood features for a tissue section","spatial domains, clusters, tissue regions, or embeddings supporting domain labels",domain/clustering methods partition tissue into spatially coherent regions or clusters; row subtask: Spatial domain identification,,SiGra: single-cell spatial elucidation through an image-augmented graph transformer,10.1038/s41467-023-41437-w,37699885,2023,Nature Communications,Direct search,User-prioritized whitelist omission audit after domain-method reconciliation,Included because image-augmented graph learning is used directly for spatial domain identification and tissue-structure recovery.,Yes,https://github.com/QSong-github/SiGra,Optional GPU,Include,Included because image-augmented graph learning is used directly for spatial domain identification and tissue-structure recovery.
Domain / Clustering,Spatial domain identification,SpaceFlow,Spatially regularized deep graph network,"spatial expression, multi-omics, image, or neighborhood features for a tissue section","spatial domains, clusters, tissue regions, or embeddings supporting domain labels",domain/clustering methods partition tissue into spatially coherent regions or clusters; row subtask: Spatial domain identification,,SpaceFlow: mapping single-cell spatial transcriptome trajectories by deep manifold learning,10.1038/s41467-022-31739-w,35835774,2022,Nature Communications,Benchmark seed,Genome Biology 2024 spatial clustering benchmark + SRTBenchmark continuity recommendations,Included because benchmark and public-method materials explicitly support domain segmentation despite the method's trajectory-adjacent framing.,Yes,https://github.com/hongleir/SpaceFlow,Optional GPU,Include,Included because benchmark and public-method materials explicitly support domain segmentation despite the method's trajectory-adjacent framing.
Domain / Clustering,Spatial domain identification,SPACEL,Deep spatial architecture learning,"spatial expression, multi-omics, image, or neighborhood features for a tissue section","spatial domains, clusters, tissue regions, or embeddings supporting domain labels",domain/clustering methods partition tissue into spatially coherent regions or clusters; row subtask: Spatial domain identification,,SPACEL: deep learning-based characterization of spatial transcriptome architectures,10.1038/s41467-023-43220-3,37990022,2023,Nature Communications,Direct search,User-prioritized direct search after architecture-method audit,Included here because Splane explicitly identifies spatial domains that are coherent across multiple slices.,Yes,https://github.com/QuKunLab/SPACEL,Optional GPU,Include,Included here because Splane explicitly identifies spatial domains that are coherent across multiple slices.
Domain / Clustering,Spatial domain identification,SpaGCN,Graph convolutional network,"spatial expression, multi-omics, image, or neighborhood features for a tissue section","spatial domains, clusters, tissue regions, or embeddings supporting domain labels",domain/clustering methods partition tissue into spatially coherent regions or clusters; row subtask: Spatial domain identification,,"SpaGCN: Integrating gene expression, spatial location and histology to identify spatial domains and spatially variable genes by graph convolutional network",10.1038/s41592-021-01255-8,34711970,2021,Nature Methods,Benchmark seed,Spatial clustering benchmark seeds,Core domain-identification method retained despite its secondary SVG functionality.,Yes,https://github.com/jianhuupenn/SpaGCN,Optional GPU,Include,Core domain-identification method retained despite its secondary SVG functionality.
Domain / Clustering,Spatial domain identification,SpaSEG,Convolutional multitask learning,"spatial expression, multi-omics, image, or neighborhood features for a tissue section","spatial domains, clusters, tissue regions, or embeddings supporting domain labels",domain/clustering methods partition tissue into spatially coherent regions or clusters; row subtask: Spatial domain identification,,SpaSEG: unsupervised deep learning for multi-task analysis of spatially resolved transcriptomics,10.1186/s13059-025-03697-1,40734184,2025,Genome Biology,Direct search,Whitelist venue sweep: Genome Biology + gap-filling search for post-benchmark methods,Newer addition with strong empirical coverage across platforms and tasks.,Yes,,Optional GPU,Include,Newer addition with strong empirical coverage across platforms and tasks.
Domain / Clustering,Spatial domain identification,SpatialPCA,Spatially aware dimension reduction,"spatial expression, multi-omics, image, or neighborhood features for a tissue section","spatial domains, clusters, tissue regions, or embeddings supporting domain labels",domain/clustering methods partition tissue into spatially coherent regions or clusters; row subtask: Spatial domain identification,,SpatialPCA: low-dimensional representation and spatial domain detection for spatial transcriptomics,,,2022,Nature Communications,Benchmark seed,Li et al. Nature Methods 2024 spatial clustering benchmark + NAR 2025 domain benchmark,Added because the clustering benchmarks repeatedly treat SpatialPCA as a core published domain-identification baseline.,Yes,,CPU,Include,Added because the clustering benchmarks repeatedly treat SpatialPCA as a core published domain-identification baseline.
Domain / Clustering,Spatial domain identification,SpatialPrompt,Spatially aware deconvolution and domain identification,"spatial expression, multi-omics, image, or neighborhood features for a tissue section","spatial domains, clusters, tissue regions, or embeddings supporting domain labels",domain/clustering methods partition tissue into spatially coherent regions or clusters; row subtask: Spatial domain identification,,SpatialPrompt: spatially aware scalable and accurate tool for spot deconvolution and domain identification in spatial transcriptomics,,,2025,Nature Communications,Review seed,Nature Reviews Genetics 2025 deconvolution review + targeted domain-identification overlap check,Included here as a cross-topic duplicate because domain identification is explicit in the method title and review coverage.,Yes,,Optional GPU,Include,Included here as a cross-topic duplicate because domain identification is explicit in the method title and review coverage.
Domain / Clustering,Spatial domain identification,SpaTopic,Topic-model spatial domain discovery,"spatial expression, multi-omics, image, or neighborhood features for a tissue section","spatial domains, clusters, tissue regions, or embeddings supporting domain labels",domain/clustering methods partition tissue into spatially coherent regions or clusters; row subtask: Spatial domain identification,,SpaTopic: A statistical learning framework for exploring tumor spatial architecture from spatially resolved transcriptomic data,10.1126/sciadv.adp4942,39331720,2024,Science Advances,Direct search,User-prioritized direct search for tumor spatial architecture methods,Included because the method explicitly identifies and compares pathology-relevant spatial domains from tumor ST data.,Yes,https://github.com/compbioNJU/SpaTopic,CPU,Include,Included because the method explicitly identifies and compares pathology-relevant spatial domains from tumor ST data.
Domain / Clustering,Spatial domain identification,STAGATE,Graph attention auto-encoder,"spatial expression, multi-omics, image, or neighborhood features for a tissue section","spatial domains, clusters, tissue regions, or embeddings supporting domain labels",domain/clustering methods partition tissue into spatially coherent regions or clusters; row subtask: Spatial domain identification,,Deciphering spatial domains from spatially resolved transcriptomics with an adaptive graph attention auto-encoder,,35365632,2022,Nature Communications,Benchmark seed,Spatial clustering benchmark seeds,Core method for graph-based spatial domain learning.,Yes,https://github.com/zhanglabtools/STAGATE,Optional GPU,Include,Stable core method for graph-based spatial domain learning.
Domain / Clustering,Spatial domain identification,STAMP,Interpretable topic-model dimension reduction,"spatial expression, multi-omics, image, or neighborhood features for a tissue section","spatial domains, clusters, tissue regions, or embeddings supporting domain labels",domain/clustering methods partition tissue into spatially coherent regions or clusters; row subtask: Spatial domain identification,,Interpretable spatially aware dimension reduction of spatial transcriptomics with STAMP,10.1038/s41592-024-02463-8,39407016,2024,Nature Methods,Direct search,User-prioritized direct search for interpretable domain and topic models,Included because STAMP returns spatial topics and gene modules that align with biological domains in tissue.,Yes,https://github.com/JinmiaoChenLab/scTM,Optional GPU,Include,Included because STAMP returns spatial topics and gene modules that align with biological domains in tissue.
Domain / Clustering,Spatial domain identification,STCC,Consensus clustering,"spatial expression, multi-omics, image, or neighborhood features for a tissue section","spatial domains, clusters, tissue regions, or embeddings supporting domain labels",domain/clustering methods partition tissue into spatially coherent regions or clusters; row subtask: Spatial domain identification,,STCC enhances spatial domain detection through consensus clustering of spatial transcriptomics data,10.1101/gr.280031.124,40355284,2025,Genome Research,Direct search,Direct gap-filling search after benchmark and venue sweeps,Included as a published domain-identification addition with a public implementation repository.,Yes,https://github.com/hucongcong97/STCC,CPU,Include,Included as a published domain-identification addition with a public implementation repository.
Domain / Clustering,Spatial domain identification,stLearn,Spatial trajectory-aware graph learning,"spatial expression, multi-omics, image, or neighborhood features for a tissue section","spatial domains, clusters, tissue regions, or embeddings supporting domain labels",domain/clustering methods partition tissue into spatially coherent regions or clusters; row subtask: Spatial domain identification,,Robust mapping of spatiotemporal trajectories and cell-cell interactions in healthy and diseased tissues,10.1038/s41467-023-43120-6,38007580,2023,Nature Communications,Benchmark seed,Li et al. Nature Methods 2024 spatial clustering benchmark,Added as a cross-topic duplicate because the clustering benchmark explicitly treats stLearn as a spatial-domain method.,Yes,https://github.com/BiomedicalMachineLearning/stLearn,CPU,Include,Added as a cross-topic duplicate because the clustering benchmark explicitly treats stLearn as a spatial-domain method.
Cell Type Inference,Cell type deconvolution,AdRoit,Robust compositional inference,"spatial expression data with optional single-cell reference, image, or prior cell-type information","cell-type labels, proportions, probabilities, or spatial localization summaries",cell type inference estimates cellular identity or composition rather than changing the expression measurement itself; row subtask: Cell type deconvolution,,AdRoit is an accurate and robust method to infer complex transcriptome composition,,,2022,Briefings in Bioinformatics,Review seed,Nature Reviews Genetics 2025 deconvolution review,Added from the 2025 deconvolution review as a published robust compositional inference method.,Yes,,CPU,Include,Added from the 2025 deconvolution review as a published robust compositional inference method.
Cell Type Inference,Cell type deconvolution,CARD,Spatial correlation model,"spatial expression data with optional single-cell reference, image, or prior cell-type information","cell-type labels, proportions, probabilities, or spatial localization summaries",cell type inference estimates cellular identity or composition rather than changing the expression measurement itself; row subtask: Cell type deconvolution,,Spatially informed cell-type deconvolution for spatial transcriptomics,10.1038/s41587-022-01273-7,35501392,2022,Nature Biotechnology,Benchmark seed,Li et al. Nature Communications 2023 deconvolution benchmark,Deconvolution core method.,Yes,https://github.com/YMa-lab/CARD,CPU,Include,Stable deconvolution core method.
Cell Type Inference,Cell type deconvolution,cell2location,Bayesian latent variable model,"spatial expression data with optional single-cell reference, image, or prior cell-type information","cell-type labels, proportions, probabilities, or spatial localization summaries",cell type inference estimates cellular identity or composition rather than changing the expression measurement itself; row subtask: Cell type deconvolution,,Cell2location maps fine-grained cell types in spatial transcriptomics,10.1038/s41587-021-01139-4,35027729,2022,Nature Biotechnology,Benchmark seed,Li et al. Nature Communications 2023 deconvolution benchmark,Reference-based deconvolution method with strong ecosystem adoption.,Yes,https://github.com/BayraktarLab/cell2location,Optional GPU,Include,Reference-based deconvolution method with strong ecosystem adoption.
Cell Type Inference,Cell type deconvolution,Celloscope,Marker-gene probabilistic deconvolution,"spatial expression data with optional single-cell reference, image, or prior cell-type information","cell-type labels, proportions, probabilities, or spatial localization summaries",cell type inference estimates cellular identity or composition rather than changing the expression measurement itself; row subtask: Cell type deconvolution,,Celloscope: a probabilistic model for marker-gene-driven cell type deconvolution in spatial transcriptomics data,,,2022,Nature Communications,Review seed,Nature Reviews Genetics 2025 deconvolution review,Added to represent marker-gene-driven probabilistic deconvolution within the first-layer registry.,Yes,,CPU,Include,Added to represent marker-gene-driven probabilistic deconvolution within the first-layer registry.
Cell Type Inference,Cell type deconvolution,CellsFromSpace,Reference-free deconvolution and annotation,"spatial expression data with optional single-cell reference, image, or prior cell-type information","cell-type labels, proportions, probabilities, or spatial localization summaries",cell type inference estimates cellular identity or composition rather than changing the expression measurement itself; row subtask: Cell type deconvolution,,"CellsFromSpace: a fast, accurate, and reference-free tool to deconvolve and annotate spatially distributed omics data",,,2024,Nature Communications,Review seed,Nature Reviews Genetics 2025 deconvolution review,Published reference-free deconvolution and annotation method added from the review-guided supplement pass.,Yes,,CPU,Include,Published reference-free deconvolution and annotation method added from the review-guided supplement pass.
Cell Type Inference,Cell type deconvolution,CytoSPACE,High-resolution alignment model,"spatial expression data with optional single-cell reference, image, or prior cell-type information","cell-type labels, proportions, probabilities, or spatial localization summaries",cell type inference estimates cellular identity or composition rather than changing the expression measurement itself; row subtask: Cell type deconvolution,,High-resolution alignment of single-cell and spatial transcriptomes with CytoSPACE,10.1038/s41587-023-01697-9,36879008,2023,Nature Biotechnology,Direct search,Direct gap-filling search after benchmark and review seeding + later deconvolution reassignment,Included in the deconvolution layer because its high-resolution cell placement objective is being treated as a deconvolution-adjacent reconstruction method.,Yes,https://github.com/digitalcytometry/cytospace,CPU,Include,Included in the deconvolution layer because its high-resolution cell placement objective is being treated as a deconvolution-adjacent reconstruction method.
Cell Type Inference,Cell type deconvolution,DestVI,Variational latent variable model,"spatial expression data with optional single-cell reference, image, or prior cell-type information","cell-type labels, proportions, probabilities, or spatial localization summaries",cell type inference estimates cellular identity or composition rather than changing the expression measurement itself; row subtask: Cell type deconvolution,,DestVI identifies continuums of cell types in spatial transcriptomics data,10.1038/s41587-022-01272-8,35449415,2022,Nature Biotechnology,Benchmark seed,Li et al. Nature Communications 2023 deconvolution benchmark,Continuous cell-state deconvolution retained in the first-layer registry.,Yes,https://github.com/scverse/scvi-tools,Optional GPU,Include,Continuous cell-state deconvolution retained in the stable core.
Cell Type Inference,Cell type deconvolution,DSTG,Graph convolutional deconvolution,"spatial expression data with optional single-cell reference, image, or prior cell-type information","cell-type labels, proportions, probabilities, or spatial localization summaries",cell type inference estimates cellular identity or composition rather than changing the expression measurement itself; row subtask: Cell type deconvolution,,DSTG: deconvoluting spatial transcriptomics data through graph-based artificial intelligence,10.1093/bib/bbaa414,33480403,2021,Briefings in Bioinformatics,Direct search,Ecosystem-exception sweep: Briefings in Bioinformatics + targeted deconvolution gap search,Exception-venue method retained with explicit documentation this time.,Yes,https://github.com/Su-informatics-lab/DSTG,Optional GPU,Include,Exception-venue method retained with explicit documentation this time.
Cell Type Inference,Cell type deconvolution,NLSDeconv,Dampened weighted least squares deconvolution,"spatial expression data with optional single-cell reference, image, or prior cell-type information","cell-type labels, proportions, probabilities, or spatial localization summaries",cell type inference estimates cellular identity or composition rather than changing the expression measurement itself; row subtask: Cell type deconvolution,,NLSDeconv: an accurate and efficient cell-type deconvolution method for spatial transcriptomics data,,,2023,Briefings in Bioinformatics,Review seed,Nature Reviews Genetics 2025 deconvolution review,Published review-supported deconvolution method added to cover the weighted-regression branch more completely.,Yes,,CPU,Include,Published review-supported deconvolution method added to cover the weighted-regression branch more completely.
Cell Type Inference,Cell type deconvolution,RCTD,Probabilistic mixture model,"spatial expression data with optional single-cell reference, image, or prior cell-type information","cell-type labels, proportions, probabilities, or spatial localization summaries",cell type inference estimates cellular identity or composition rather than changing the expression measurement itself; row subtask: Cell type deconvolution,,Robust decomposition of cell type mixtures in spatial transcriptomics,10.1038/s41587-021-00830-w,33603203,2022,Nature Biotechnology,Benchmark seed,Li et al. Nature Communications 2023 deconvolution benchmark,Benchmark-backed deconvolution representative.,Yes,https://github.com/dmcable/spacexr,CPU,Include,Stable benchmark-backed deconvolution representative.
Cell Type Inference,Cell type deconvolution,Redeconve,Single-cell-resolution reconstruction,"spatial expression data with optional single-cell reference, image, or prior cell-type information","cell-type labels, proportions, probabilities, or spatial localization summaries",cell type inference estimates cellular identity or composition rather than changing the expression measurement itself; row subtask: Cell type deconvolution,,Spatial transcriptomics deconvolution at single-cell resolution using Redeconve,,,2023,Nature Communications,Review seed,Nature Reviews Genetics 2025 deconvolution review,Added as a published single-cell-resolution reconstruction method highlighted by the deconvolution review.,Yes,https://github.com/ZxZhou4150/Redeconve,Optional GPU,Include,Added as a published single-cell-resolution reconstruction method highlighted by the deconvolution review.
Cell Type Inference,Cell type deconvolution,SMART,Marker-gene-assisted topic-model deconvolution,"spatial expression data with optional single-cell reference, image, or prior cell-type information","cell-type labels, proportions, probabilities, or spatial localization summaries",cell type inference estimates cellular identity or composition rather than changing the expression measurement itself; row subtask: Cell type deconvolution,,SMART: spatial transcriptomics deconvolution using marker-gene-assisted topic model,10.1186/s13059-024-03441-1,39623485,2024,Genome Biology,PubMed targeted journal sweep,2024-2025 high-priority journal sweep: Genome Biology,Metadata corrected to the Genome Biology SMART deconvolution publication.,Pending,,Optional GPU,Include,Updated to the PubMed-verified SMART deconvolution record; code path not manually confirmed in this pass.
Cell Type Inference,Cell type deconvolution,SONAR,Spatially weighted Poisson-gamma deconvolution,"spatial expression data with optional single-cell reference, image, or prior cell-type information","cell-type labels, proportions, probabilities, or spatial localization summaries",cell type inference estimates cellular identity or composition rather than changing the expression measurement itself; row subtask: Cell type deconvolution,,SONAR enables cell type deconvolution with spatially weighted Poisson-gamma model for spatial transcriptomics,,,2024,Nature Communications,Review seed,Nature Reviews Genetics 2025 deconvolution review,Review-supported published deconvolution method added to strengthen the probabilistic-model branch.,Yes,,CPU,Include,Review-supported published deconvolution method added to strengthen the probabilistic-model branch.
Cell Type Inference,Cell type deconvolution,SPADE,Domain-specific cell-type estimation,"spatial expression data with optional single-cell reference, image, or prior cell-type information","cell-type labels, proportions, probabilities, or spatial localization summaries",cell type inference estimates cellular identity or composition rather than changing the expression measurement itself; row subtask: Cell type deconvolution,,SPADE: spatial deconvolution for domain specific cell-type estimation,,,2025,Nature Communications,Review seed,Nature Reviews Genetics 2025 deconvolution review,Added because the published deconvolution review explicitly includes a domain-specific estimation branch.,Yes,https://github.com/thecailab/SPADE,CPU,Include,Added because the published deconvolution review explicitly includes a domain-specific estimation branch.
Cell Type Inference,Cell type deconvolution,SpatialDWLS,Weighted least squares deconvolution,"spatial expression data with optional single-cell reference, image, or prior cell-type information","cell-type labels, proportions, probabilities, or spatial localization summaries",cell type inference estimates cellular identity or composition rather than changing the expression measurement itself; row subtask: Cell type deconvolution,,SpatialDWLS: accurate deconvolution of spatial transcriptomic data,10.1186/s13059-021-02362-7,33971932,2021,Genome Biology,Direct search,Whitelist venue sweep: Genome Biology + targeted deconvolution gap search,Important direct-search addition beyond the earlier narrow Batch 1 slice.,Yes,https://github.com/rdong08/spatialDWLS,CPU,Include,Important direct-search addition beyond the earlier narrow Batch 1 slice.
Cell Type Inference,Cell type deconvolution,SpatialPrompt,Spatially aware deconvolution and domain identification,"spatial expression data with optional single-cell reference, image, or prior cell-type information","cell-type labels, proportions, probabilities, or spatial localization summaries",cell type inference estimates cellular identity or composition rather than changing the expression measurement itself; row subtask: Cell type deconvolution,,SpatialPrompt: spatially aware scalable and accurate tool for spot deconvolution and domain identification in spatial transcriptomics,,,2025,Nature Communications,Review seed,Nature Reviews Genetics 2025 deconvolution review,Included because the deconvolution review treats it as a published deconvolution method with explicit spatial awareness.,Yes,,Optional GPU,Include,Included because the deconvolution review treats it as a published deconvolution method with explicit spatial awareness.
Cell Type Inference,Cell type deconvolution,SpatialScope,Deep transcriptomic reconstruction,spatial transcriptomics data plus single-cell reference,cellular-resolution inferred transcriptomic reconstruction,deep generative reconstruction predicts cell-level expression values from spatial and single-cell references,,SpatialScope: Spatial transcriptomic reconstruction at cellular level,,,2024,Nature Communications,Direct search,Targeted gap-filling search after deconvolution benchmark and review seeding,Added as a foundational published method that links cell-type inference with cellular-resolution transcriptomic reconstruction.,Yes,,Optional GPU,Include,Added as a foundational published method that links cell-type inference with cellular-resolution transcriptomic reconstruction.
Cell Type Inference,Cell type deconvolution,SPOTlight,Seeded non-negative matrix factorization regression,"spatial expression data with optional single-cell reference, image, or prior cell-type information","cell-type labels, proportions, probabilities, or spatial localization summaries",cell type inference estimates cellular identity or composition rather than changing the expression measurement itself; row subtask: Cell type deconvolution,,SPOTlight: seeded NMF regression to deconvolute spatial transcriptomics spots with single-cell transcriptomes,10.1093/nar/gkab043,33544846,2021,Nucleic Acids Research,Direct search,Whitelist venue sweep: Nucleic Acids Research + targeted deconvolution gap search,Deconvolution addition anchored by a whitelist-venue sweep.,Yes,https://github.com/MarcElosua/SPOTlight,CPU,Include,Stable deconvolution addition anchored by a whitelist-venue sweep.
Cell Type Inference,Cell type deconvolution,Starfysh,Reference-free histology-aware generative deconvolution,"spatial expression data with optional single-cell reference, image, or prior cell-type information","cell-type labels, proportions, probabilities, or spatial localization summaries",cell type inference estimates cellular identity or composition rather than changing the expression measurement itself; row subtask: Cell type deconvolution,,Starfysh integrates spatial transcriptomic and histologic data to reveal heterogeneous tumor-immune hubs,10.1038/s41587-024-02173-8,38514799,2025,Nature Biotechnology,Direct search,User-prioritized direct search after deconvolution and tumor-microenvironment audit,Included as a reference-free deconvolution and state-inference method that also supports cross-sample hub analysis.,Yes,https://github.com/azizilab/starfysh,Optional GPU,Include,Included as a reference-free deconvolution and state-inference method that also supports cross-sample hub analysis.
Cell Type Inference,Cell type deconvolution,STdeconvolve,Topic model,"spatial expression data with optional single-cell reference, image, or prior cell-type information","cell-type labels, proportions, probabilities, or spatial localization summaries",cell type inference estimates cellular identity or composition rather than changing the expression measurement itself; row subtask: Cell type deconvolution,,Reference-free cell type deconvolution of multi-cellular pixel-resolution spatially resolved transcriptomics data,10.1038/s41467-022-30033-z,35487922,2022,Nature Communications,Benchmark seed,Li et al. Nature Communications 2023 deconvolution benchmark,Reference-free deconvolution representative retained from earlier runs.,Yes,https://github.com/JEFworks-Lab/STdeconvolve,CPU,Include,Reference-free deconvolution representative retained from earlier runs.
Cell Type Inference,Cell type deconvolution,STdGCN,Graph convolutional deconvolution,"spatial expression data with optional single-cell reference, image, or prior cell-type information","cell-type labels, proportions, probabilities, or spatial localization summaries",cell type inference estimates cellular identity or composition rather than changing the expression measurement itself; row subtask: Cell type deconvolution,,STdGCN: spatial transcriptomic cell-type deconvolution using graph convolutional networks,10.1186/s13059-024-03353-0,39103939,2024,Genome Biology,Direct search,User-prioritized whitelist omission audit after deconvolution reconciliation,Included as a published graph-based deconvolution method with direct benchmarking support in the accepted deconvolution branch.,Yes,https://github.com/luoyuanlab/stdgcn,Optional GPU,Include,Included as a published graph-based deconvolution method with direct benchmarking support in the accepted deconvolution branch.
Cell Type Inference,Cell type deconvolution,stereoscope,Probabilistic generative model,"spatial expression data with optional single-cell reference, image, or prior cell-type information","cell-type labels, proportions, probabilities, or spatial localization summaries",cell type inference estimates cellular identity or composition rather than changing the expression measurement itself; row subtask: Cell type deconvolution,,Single-cell and spatial transcriptomics enables probabilistic inference of cell type topography,10.1038/s42003-020-01247-y,33037292,2020,Communications Biology,Benchmark seed,Li et al. Nature Communications 2023 deconvolution benchmark,Included as a benchmark-supported deconvolution method because its ecosystem maturity and task fit justify first-layer inclusion despite the non-whitelist venue.,Yes,https://github.com/almaan/stereoscope,Optional GPU,Include,Included as a benchmark-supported deconvolution method because its ecosystem maturity and task fit justify first-layer inclusion despite the non-whitelist venue.
Cell Type Inference,Cell type deconvolution,STIE,Single-cell-level deconvolution and clustering,"spatial expression data with optional single-cell reference, image, or prior cell-type information","cell-type labels, proportions, probabilities, or spatial localization summaries",cell type inference estimates cellular identity or composition rather than changing the expression measurement itself; row subtask: Cell type deconvolution,,"Single-cell level deconvolution, convolution, and clustering in in situ capturing-based spatial transcriptomics",,,2024,Nature Communications,Review seed,Nature Reviews Genetics 2025 deconvolution review,Added because the review covers it as a published deconvolution method for in situ capturing-based assays.,Yes,,CPU,Include,Added because the review covers it as a published deconvolution method for in situ capturing-based assays.
Cell Type Inference,Cell type deconvolution,STRIDE,Topic-model deconvolution,"spatial expression data with optional single-cell reference, image, or prior cell-type information","cell-type labels, proportions, probabilities, or spatial localization summaries",cell type inference estimates cellular identity or composition rather than changing the expression measurement itself; row subtask: Cell type deconvolution,,STRIDE: accurately decomposing and integrating spatial transcriptomics using single-cell RNA sequencing,10.1093/nar/gkac150,35253896,2022,Nucleic Acids Research,Direct search,Whitelist venue sweep: Nucleic Acids Research + targeted deconvolution gap search,Included as a whitelist-supported topic-model deconvolution method.,Yes,,CPU,Include,Included as a stable whitelist-supported topic-model deconvolution method.
Cell Type Inference,Cell type deconvolution,stVAE,Variational autoencoder deconvolution,"spatial expression data with optional single-cell reference, image, or prior cell-type information","cell-type labels, proportions, probabilities, or spatial localization summaries",cell type inference estimates cellular identity or composition rather than changing the expression measurement itself; row subtask: Cell type deconvolution,,stVAE deconvolves cell-type composition in large-scale cellular resolution spatial transcriptomics,,,2025,Nature Communications,Review seed,Nature Reviews Genetics 2025 deconvolution review,Published variational deconvolution method added from the review's later-method layer.,Yes,,Optional GPU,Include,Published variational deconvolution method added from the review's later-method layer.
Cell Type Inference,Cell type deconvolution,Tangram,Deep learning alignment model,"spatial expression data with optional single-cell reference, image, or prior cell-type information","cell-type labels, proportions, probabilities, or spatial localization summaries",cell type inference estimates cellular identity or composition rather than changing the expression measurement itself; row subtask: Cell type deconvolution,,Deep learning and alignment of spatially resolved single-cell transcriptomes with Tangram,10.1038/s41592-021-01264-7,34711971,2021,Nature Methods,Direct search,Direct gap-filling search after benchmark and review seeding + later deconvolution reassignment,Included in the deconvolution layer because its scRNA-seq-to-space mapping objective is being treated as a high-resolution deconvolution-style method in the current first-layer registry.,Yes,https://github.com/broadinstitute/Tangram,Optional GPU,Include,Included in the deconvolution layer because its scRNA-seq-to-space mapping objective is being treated as a high-resolution deconvolution-style method in the current first-layer registry.
Spatial Contrast Testing,Cell-type-specific spatial contrast testing,C-SIDE,Cell-type-specific differential expression,ST count matrix + spatial coordinates + cell type weights or reference-informed assignments + condition/covariate design,cell-type-specific DE genes and effect estimates,"spatial contrast testing requires an explicit condition/group/covariate, matched-tissue, or registered-template contrast and returns DE genes, effect estimates, differentially patterned genes, or statistical maps; row subtask: Cell-type-specific spatial contrast testing",,Cell type-specific inference of differential expression in spatial transcriptomics,10.1038/s41592-022-01575-3,36050488,2022,Nature Methods,Benchmark seed,2026 comparative benchmarking study + 2025 review,Core method for cell-type-specific comparative analysis in spatial transcriptomics.,Yes,https://github.com/dmcable/spacexr,CPU,Include,Stable core method for cell-type-specific comparative analysis in spatial transcriptomics. Layer 1 placement updated by 2026-05-04 Comparative Analysis split; code/access trace is metadata only and no Layer 3/4 execution support is implied.
Spatial Contrast Testing,Niche-conditioned spatial contrast testing,Niche-DE,Niche-differential expression,ST or spatial single-cell expression + spatial coordinates + cell or spot annotations + niche/context variables,niche-differential genes and context-dependent interaction signals,"spatial contrast testing requires an explicit condition/group/covariate, matched-tissue, or registered-template contrast and returns DE genes, effect estimates, differentially patterned genes, or statistical maps; row subtask: Niche-conditioned spatial contrast testing",,Niche-DE: niche-differential gene expression analysis in spatial transcriptomics data identifies context-dependent cell-cell interactions,10.1186/s13059-023-03159-6,38217002,2024,Genome Biology,Direct search,Whitelist venue sweep: Genome Biology + targeted comparative-analysis gap search,Included because it models comparative expression shifts conditioned on spatial niche context.,Yes,https://github.com/kaishumason/NicheDE,CPU,Include,Included because it models comparative expression shifts conditioned on spatial niche context. Layer 1 placement updated by 2026-05-04 Comparative Analysis split; code/access trace is metadata only and no Layer 3/4 execution support is implied.
Spatial Contrast Testing,Between-group spatial pattern contrast,SPADE,Between-group spatial pattern analysis,ST expression matrix + spatial coordinates + group or condition labels,spatial pattern statistics and differentially expressed or differentially patterned genes,"spatial contrast testing requires an explicit condition/group/covariate, matched-tissue, or registered-template contrast and returns DE genes, effect estimates, differentially patterned genes, or statistical maps; row subtask: Between-group spatial pattern contrast",,Spatial pattern and differential expression analysis with spatial transcriptomic data,10.1093/nar/gkae962,39470725,2024,Nucleic Acids Research,Direct search,Existing comparative boundary row promoted after the user-approved branch relaxation,Admitted after the comparative branch was expanded to include between-group spatial pattern analysis; peer-reviewed Nucleic Acids Research method with public code.,Yes,https://github.com/thecailab/SPADE,CPU,Include,Admitted after the comparative branch was expanded to include between-group spatial pattern analysis; peer-reviewed Nucleic Acids Research method with public code. Layer 1 placement updated by 2026-05-04 Comparative Analysis split; code/access trace is metadata only and no Layer 3/4 execution support is implied.
Spatial Contrast Testing,Spatial correlation-aware differential testing,SpatialGEE,Generalized estimating equation differential analysis,ST expression matrix + spatial coordinates + condition/covariate design,"DE genes, statistical tests, and model-based effect estimates","spatial contrast testing requires an explicit condition/group/covariate, matched-tissue, or registered-template contrast and returns DE genes, effect estimates, differentially patterned genes, or statistical maps; row subtask: Spatial correlation-aware differential testing",,A comparative study of statistical methods for identifying differentially expressed genes in spatial transcriptomics,10.1371/journal.pcbi.1013956,41671295,2026,PLOS Computational Biology,Benchmark seed,2026 comparative benchmarking study,Promoted under a narrow Benchmark Override after direct benchmark support was cross-checked against the current comparative-analysis window.,Yes,https://github.com/pwei101/SpatialGEE,CPU,Include,Promoted under a narrow Benchmark Override after direct benchmark support was cross-checked against the current comparative-analysis window. Layer 1 placement updated by 2026-05-04 Comparative Analysis split; code/access trace is metadata only and no Layer 3/4 execution support is implied.
Spatial Contrast Testing,Structurally matched spatial pattern contrast,STcompare,Between-group spatial pattern analysis,structurally matched ST datasets + expression matrices + spatial coordinates,differentially spatially patterned genes and tissue-pattern comparison results,"spatial contrast testing requires an explicit condition/group/covariate, matched-tissue, or registered-template contrast and returns DE genes, effect estimates, differentially patterned genes, or statistical maps; row subtask: Structurally matched spatial pattern contrast",,STcompare: Comparative spatial transcriptomics data analysis to characterize differentially spatially patterned genes in structurally matched tissues,10.1101/2025.11.21.689847,,2025,bioRxiv,Direct search,User-prioritized comparative-admission follow-up after branch relaxation,Admitted under the relaxed comparative branch as a public-code method focused on differential spatial pattern comparison across matched tissues; current evidence remains preprint-based.,Yes,https://github.com/JEFworks-Lab/STcompare,CPU,Include,Admitted under the relaxed comparative branch as a public-code method focused on differential spatial pattern comparison across matched tissues; current evidence remains preprint-based. Layer 1 placement updated by 2026-05-04 Comparative Analysis split; code/access trace is metadata only and no Layer 3/4 execution support is implied.
Spatial Clonal Analysis,Spatial subclone detection,CalicoST,Allele-specific copy number and phylogeography inference,"spatial expression, copy-number, genotype, or clone-informative molecular data","spatial clones, subclones, clone-specific states, or CNA maps",spatial clonal analysis infers tumor clone/subclone structure in tissue space; row subtask: Spatial subclone detection,,Inferring allele-specific copy number aberrations and tumor phylogeography from spatially resolved transcriptomics,10.1038/s41592-024-02438-9,39478176,2024,Nature Methods,Direct search,Whitelist venue sweep: Nature Methods + targeted clonal-analysis search,"Consolidation-ready addition with public repo, install instructions, and tutorials.",Yes,https://github.com/raphael-group/CalicoST,CPU,Include,"Consolidation-ready addition with public repo, install instructions, and tutorials. Spatial clonal-analysis rows use different clone-signal types and are not interchangeable; matched-data requirements and subclone caveats must remain branch-local. Code/access trace is metadata only; no Layer 3 runtime, callable, adapter, or environment support implied."
Spatial Clonal Analysis,Spatial subclone detection,Clonalscope,Copy-number-based subclone inference,"spatial expression, copy-number, genotype, or clone-informative molecular data","spatial clones, subclones, clone-specific states, or CNA maps",spatial clonal analysis infers tumor clone/subclone structure in tissue space; row subtask: Spatial subclone detection,,Cancer subclone detection based on DNA copy number in single-cell and spatial omic sequencing data,10.1038/s41592-025-02773-5,40954304,2025,Nature Methods,Direct search,User-prioritized boundary reconciliation after clonal-topic acceptance,Included as the anchor method for the accepted spatial subclone detection topic.,Yes,https://github.com/seasoncloud/Clonalscope,CPU,Include,"Included as the anchor method for the accepted spatial subclone detection topic. Spatial clonal-analysis rows use different clone-signal types and are not interchangeable; matched-data requirements and subclone caveats must remain branch-local. Code/access trace is metadata only; no Layer 3 runtime, callable, adapter, or environment support implied."
Cell-Cell Communication,Ligand-receptor communication inference,CellChat,Database-guided communication network inference,"spatial expression data with cell type, neighborhood, or ligand-receptor context","candidate spatial communication interactions, pathways, or interaction-effect scores",cell-cell communication infers spatial interaction hypotheses from expression and neighborhood context; row subtask: Ligand-receptor communication inference,,Inference and analysis of cell-cell communication using CellChat,10.1038/s41467-021-21246-9,33597522,2021,Nature Communications,Review seed,Nat Rev Genet 2023 review + user-prioritized CCC baseline audit,Included as a widely used communication baseline with strong ecosystem adoption.,Yes,https://github.com/sqjin/CellChat,CPU,Include,Included as a widely used communication baseline with strong ecosystem adoption.
Cell-Cell Communication,Ligand-receptor communication inference,CellNEST,Graph attention relay-network inference,"spatial expression data with cell type, neighborhood, or ligand-receptor context","candidate spatial communication interactions, pathways, or interaction-effect scores",cell-cell communication infers spatial interaction hypotheses from expression and neighborhood context; row subtask: Ligand-receptor communication inference,,CellNEST reveals cell-cell relay networks using attention mechanisms on spatial transcriptomics,,,2024,Nature Communications,Direct search,User-prioritized direct search after CCC review and master-registry audit,Added as a published relay-network communication method absent from the earlier narrow CCC slice.,Yes,,Optional GPU,Include,Added as a published relay-network communication method absent from the earlier narrow CCC slice.
Cell-Cell Communication,Ligand-receptor communication inference,COMMOT,Collective optimal transport,"spatial expression data with cell type, neighborhood, or ligand-receptor context","candidate spatial communication interactions, pathways, or interaction-effect scores",cell-cell communication infers spatial interaction hypotheses from expression and neighborhood context; row subtask: Ligand-receptor communication inference,,Screening cell-cell communication in spatial transcriptomics via collective optimal transport,10.1038/s41592-022-01728-4,36690742,2023,Nature Methods,Direct search,Direct search after review seeding + whitelist venue sweep,Whitelist-supported CCC method.,Yes,https://github.com/zcang/COMMOT,CPU,Include,Stable whitelist-supported CCC method.
Cell-Cell Communication,Ligand-receptor communication inference,Giotto,Spatial neighborhood graph scoring,"spatial expression data with cell type, neighborhood, or ligand-receptor context","candidate spatial communication interactions, pathways, or interaction-effect scores",cell-cell communication infers spatial interaction hypotheses from expression and neighborhood context; row subtask: Ligand-receptor communication inference,,Giotto: a toolbox for integrative analysis and visualization of spatial expression data,10.1186/s13059-021-02286-2,33685491,2021,Genome Biology,Review seed,Nat Rev Genet 2021 review + whitelist venue sweep,"Publication/code identity remains valid, but current Layer2 scientific boundary treats Giotto as broad spatial analysis ecosystem context rather than a concrete CCC candidate.",Yes,https://github.com/RubD/Giotto,CPU,Exclude,"Excluded from active Layer 1 candidate freeze on 2026-05-06 reconciliation as a broad backbone/ecosystem package; retained as contextual backbone only, not a CCC positive method."
Cell-Cell Communication,Ligand-receptor communication inference,NicheNet,Ligand-target regulatory potential modeling,"spatial expression data with cell type, neighborhood, or ligand-receptor context","candidate spatial communication interactions, pathways, or interaction-effect scores",cell-cell communication infers spatial interaction hypotheses from expression and neighborhood context; row subtask: Ligand-receptor communication inference,,NicheNet: modeling intercellular communication by linking ligands to target genes,10.1038/s41592-019-0667-5,31819264,2020,Nature Methods,Review seed,Nat Rev Genet 2023 review + user-prioritized CCC baseline audit,Included as a major transcriptomics communication baseline that remains useful for spatial CCC interpretation.,Yes,https://github.com/saeyslab/nichenetr,CPU,Include,Included as a major transcriptomics communication baseline that remains useful for spatial CCC interpretation.
Cell-Cell Communication,Ligand-receptor communication inference,SpaOTsc,Optimal transport signaling inference,"spatial expression data with cell type, neighborhood, or ligand-receptor context","candidate spatial communication interactions, pathways, or interaction-effect scores",cell-cell communication infers spatial interaction hypotheses from expression and neighborhood context; row subtask: Ligand-receptor communication inference,,Inferring spatial and signaling relationships between cells from single cell transcriptomic data,10.1038/s41467-020-15968-5,32350282,2020,Nature Communications,Review seed,Nat Rev Genet 2021 review,Early spatial communication method retained in the branch.,Yes,https://github.com/zcang/SpaOTsc,CPU,Include,Early spatial communication method retained in the stable branch.
Cell-Cell Communication,Ligand-receptor communication inference,SpaTalk,Knowledge graph-based ligand-receptor inference,"spatial expression data with cell type, neighborhood, or ligand-receptor context","candidate spatial communication interactions, pathways, or interaction-effect scores",cell-cell communication infers spatial interaction hypotheses from expression and neighborhood context; row subtask: Ligand-receptor communication inference,,Knowledge-graph-based cell-cell communication inference for spatially resolved transcriptomic data with SpaTalk,10.1038/s41467-022-32111-8,35908020,2022,Nature Communications,Direct search,Direct search after review seeding + whitelist venue sweep,Retained in the first-layer registry with explicit provenance this time.,Yes,https://github.com/ZJUFanLab/SpaTalk,CPU,Include,Retained in the stable core with explicit provenance this time.
Cell-Cell Communication,Ligand-receptor communication inference,SpatialDM,Spatially co-expressed ligand-receptor analysis,"spatial expression data with cell type, neighborhood, or ligand-receptor context","candidate spatial communication interactions, pathways, or interaction-effect scores",cell-cell communication infers spatial interaction hypotheses from expression and neighborhood context; row subtask: Ligand-receptor communication inference,,SpatialDM for rapid identification of spatially co-expressed ligand-receptor and revealing cell-cell communication patterns,10.1038/s41467-023-39608-w,37414760,2023,Nature Communications,Direct search,Direct search after review seeding + whitelist venue sweep,Retained as a ligand-receptor method despite some earlier method-family leakage concerns.,Yes,https://github.com/StatBiomed/SpatialDM,CPU,Include,Retained as a stable ligand-receptor method despite some earlier method-family leakage concerns.
Cell-Cell Communication,Ligand-receptor communication inference,DeepTalk,Subgraph-based graph attention communication inference,"spatial expression data with cell type, neighborhood, or ligand-receptor context","candidate spatial communication interactions, pathways, or interaction-effect scores",cell-cell communication infers spatial interaction hypotheses from expression and neighborhood context; row subtask: Ligand-receptor communication inference,,Deciphering cell-cell communication at single-cell resolution for spatial transcriptomics with subgraph-based graph attention network,10.1038/s41467-024-51329-2,39155292,2025,Nature Communications,Direct search,User-prioritized direct search after CCC review and master-registry audit,Added because the method is a published single-cell-resolution CCC model and fits the current communication topic cleanly.,Yes,https://github.com/JiangBioLab/DeepTalk,Optional GPU,Include,Added because the method is a published single-cell-resolution CCC model and fits the current communication topic cleanly.
Cell-Cell Communication,Ligand-receptor communication inference,stLearn,Trajectory-aware ligand-receptor scoring,"spatial expression data with cell type, neighborhood, or ligand-receptor context","candidate spatial communication interactions, pathways, or interaction-effect scores",cell-cell communication infers spatial interaction hypotheses from expression and neighborhood context; row subtask: Ligand-receptor communication inference,,Robust mapping of spatiotemporal trajectories and cell-cell interactions in healthy and diseased tissues,10.1038/s41467-023-43120-6,38007580,2023,Nature Communications,Direct search,Direct search after review seeding + whitelist venue sweep,Kept in the current ligand-receptor window despite known method-family leakage risk.,Yes,https://github.com/BiomedicalMachineLearning/stLearn,CPU,Include,Kept in the stable ligand-receptor window despite known method-family leakage risk.
Cell-Cell Communication,Neighborhood / interaction-effect modeling,COZI,Conditional z-score neighbor preference analysis,"spatial expression data with cell type, neighborhood, or ligand-receptor context","candidate spatial communication interactions, pathways, or interaction-effect scores",cell-cell communication infers spatial interaction hypotheses from expression and neighborhood context; row subtask: Neighborhood / interaction-effect modeling,,Comparison and optimization of cellular neighbor preference methods for quantitative tissue analysis,10.1038/s41467-026-71699-z,,2026,Nature Communications,Benchmark seed,Nature Communications 2026 cellular-neighbor-preference benchmark + code-availability review,Admitted as a dedicated cellular-neighbor-preference method introduced in a whitelist-venue benchmark study with public standalone COZI implementations.,Yes,https://github.com/SchapiroLabor/coziR,CPU,Include,Admitted as a dedicated cellular-neighbor-preference method introduced in a whitelist-venue benchmark study with public standalone COZI implementations.
Cell-Cell Communication,Neighborhood / interaction-effect modeling,MISTy,Multiview interaction modeling,"spatial expression data with cell type, neighborhood, or ligand-receptor context","candidate spatial communication interactions, pathways, or interaction-effect scores",cell-cell communication infers spatial interaction hypotheses from expression and neighborhood context; row subtask: Neighborhood / interaction-effect modeling,,Explainable multiview framework for dissecting spatial relationships from highly multiplexed data,10.1186/s13059-022-02663-5,35422018,2022,Genome Biology,Review seed,Nat Rev Genet 2023 review,Included in the dedicated CCC interaction-effect subtask because multiview neighborhood influence modeling is now accepted in first-layer scope.,Yes,https://github.com/saezlab/mistyR,CPU,Include,Included in the dedicated CCC interaction-effect subtask because multiview neighborhood influence modeling is now accepted in first-layer scope.
Cell-Cell Communication,Neighborhood / interaction-effect modeling,Spacia,Bayesian multiple-instance communication inference,"spatial expression data with cell type, neighborhood, or ligand-receptor context","candidate spatial communication interactions, pathways, or interaction-effect scores",cell-cell communication infers spatial interaction hypotheses from expression and neighborhood context; row subtask: Neighborhood / interaction-effect modeling,,Mapping cellular interactions from spatially resolved transcriptomics data,10.1038/s41592-024-02408-1,39227721,2024,Nature Methods,Direct search,User-prioritized direct search after interaction-modeling branch audit,Included in the dedicated CCC interaction-effect subtask as a published spatial interaction model beyond ligand-receptor-only inference.,Yes,,CPU,Include,Included in the dedicated CCC interaction-effect subtask as a published spatial interaction model beyond ligand-receptor-only inference.
Cell-Cell Communication,Neighborhood / interaction-effect modeling,SVCA,Spatial variance component analysis,"spatial expression data with cell type, neighborhood, or ligand-receptor context","candidate spatial communication interactions, pathways, or interaction-effect scores",cell-cell communication infers spatial interaction hypotheses from expression and neighborhood context; row subtask: Neighborhood / interaction-effect modeling,,Modeling Cell-Cell Interactions from Spatial Molecular Data with Spatial Variance Component Analysis,10.1016/j.celrep.2019.08.077,31577949,2019,Cell Reports,Review seed,Nat Rev Genet 2023 review,Included in the dedicated CCC interaction-effect subtask because interaction-variance modeling is now accepted in first-layer scope.,Yes,https://github.com/damienArnol/svca,CPU,Include,Included in the dedicated CCC interaction-effect subtask because interaction-variance modeling is now accepted in first-layer scope.
Cell-Cell Communication,Spatially variable ligand-receptor interaction inference,SPIDER,Functional-support ligand-receptor interaction inference,"spatial expression data with cell type, neighborhood, or ligand-receptor context","candidate spatial communication interactions, pathways, or interaction-effect scores",cell-cell communication infers spatial interaction hypotheses from expression and neighborhood context; row subtask: Spatially variable ligand-receptor interaction inference,,Finding spatially variable ligand-receptor interactions with functional support from downstream genes,10.1038/s41467-025-62988-0,,2025,Nature Communications,Direct search,User-prioritized ligand-receptor direct search,Added as a published spatially variable ligand-receptor interaction method with explicit downstream functional support.,Yes,https://github.com/deepomicslab/SPIDER,CPU,Include,Added as a published spatially variable ligand-receptor interaction method with explicit downstream functional support.
Segmentation,Cell segmentation / transcript assignment,Baysor,Bayesian molecule assignment,"histology, microscopy, molecule coordinates, or subcellular transcript signals","cell/nucleus boundaries, segmented objects, or transcript-to-cell assignments",segmentation identifies physical cell or transcript objects rather than expression prediction as the endpoint; row subtask: Cell segmentation / transcript assignment,,Cell segmentation in imaging-based spatial transcriptomics,,34650268,2022,Nature Biotechnology,Direct search,Whitelist venue sweep: Nature Biotechnology + targeted segmentation-method search,Canonical imaging-based ST segmentation baseline.,Yes,https://github.com/kharchenkolab/Baysor,CPU,Include,"Canonical imaging-based ST segmentation baseline. Code/access trace is metadata only; no Layer 3 runtime, callable, adapter, or environment support implied."
Segmentation,Cell segmentation / transcript assignment,Bering,Transferred graph embeddings,"histology, microscopy, molecule coordinates, or subcellular transcript signals","cell/nucleus boundaries, segmented objects, or transcript-to-cell assignments",segmentation identifies physical cell or transcript objects rather than expression prediction as the endpoint; row subtask: Cell segmentation / transcript assignment,,Bering: joint cell segmentation and annotation for spatial transcriptomics with transferred graph embeddings,10.1038/s41467-025-60898-9,40681510,2025,Nature Communications,Direct search,Whitelist venue sweep: Nature Communications + targeted segmentation-method search,Newer segmentation method with strong benchmark evidence.,Yes,https://github.com/jian-shu-lab/Bering,Optional GPU,Include,"Newer stable segmentation method with strong benchmark evidence. Code/access trace is metadata only; no Layer 3 runtime, callable, adapter, or environment support implied."
Segmentation,Cell segmentation / transcript assignment,SCS,Graph-based segmentation,"histology, microscopy, molecule coordinates, or subcellular transcript signals","cell/nucleus boundaries, segmented objects, or transcript-to-cell assignments",segmentation identifies physical cell or transcript objects rather than expression prediction as the endpoint; row subtask: Cell segmentation / transcript assignment,,SCS: cell segmentation for high-resolution spatial transcriptomics,10.1038/s41592-023-01939-3,37429992,2023,Nature Methods,Direct search,Whitelist venue sweep: Nature Methods + targeted segmentation-method search,high-resolution segmentation method.,Yes,https://github.com/chenhcs/SCS,Optional GPU,Include,"Stable high-resolution segmentation method. Code/access trace is metadata only; no Layer 3 runtime, callable, adapter, or environment support implied."
Segmentation,Cell segmentation / transcript assignment,segger,Graph neural network link prediction,"histology, microscopy, molecule coordinates, or subcellular transcript signals","cell/nucleus boundaries, segmented objects, or transcript-to-cell assignments",segmentation identifies physical cell or transcript objects rather than expression prediction as the endpoint; row subtask: Cell segmentation / transcript assignment,,Segger: Fast and accurate cell segmentation of imaging-based spatial transcriptomics data,10.1101/2025.03.14.643160,40161614,2025,bioRxiv,Direct search,Direct gap-filling search after whitelist and exception sweeps,"Retained as a frontier segmentation method in the segmentation subtask after later taxonomy closure, while keeping its preprint and independent-validation caveats explicit.",Yes,https://github.com/PMBio/segger,Optional GPU,Include,"Retained as a frontier segmentation method in the stable segmentation subtask after later taxonomy closure, while keeping its preprint and independent-validation caveats explicit. Code/access trace is metadata only; no Layer 3 runtime, callable, adapter, or environment support implied."
Segmentation,Cell segmentation / transcript assignment,UCS,Unified deep segmentation,"histology, microscopy, molecule coordinates, or subcellular transcript signals","cell/nucleus boundaries, segmented objects, or transcript-to-cell assignments",segmentation identifies physical cell or transcript objects rather than expression prediction as the endpoint; row subtask: Cell segmentation / transcript assignment,,UCS: A Unified Approach to Cell Segmentation for Subcellular Spatial Transcriptomics,10.1002/smtd.202400975,39763408,2025,Small Methods,Direct search,Direct gap-filling search after whitelist and exception sweeps,Promoted under a narrow Benchmark Override after multiple benchmark-like segmentation studies supported same-task inclusion.,Yes,https://github.com/YangLabHKUST/UCS,Optional GPU,Include,"Promoted under a narrow Benchmark Override after multiple benchmark-like segmentation studies supported same-task inclusion. Code/access trace is metadata only; no Layer 3 runtime, callable, adapter, or environment support implied."
Segmentation,Cell segmentation / transcript assignment,BIDCell,Biologically informed self-supervised segmentation,"histology, microscopy, molecule coordinates, or subcellular transcript signals","cell/nucleus boundaries, segmented objects, or transcript-to-cell assignments",segmentation identifies physical cell or transcript objects rather than expression prediction as the endpoint; row subtask: Cell segmentation / transcript assignment,Python / deep learning,BIDCell: Biologically-informed self-supervised learning for segmentation of subcellular spatial transcriptomics data.,10.1038/s41467-023-44560-w,38218939,2024,Nature Communications,SpatialToolDB targeted supplement,PMID 41611568 / SpatialToolDB,Added as a named peer-reviewed segmentation method for subcellular spatial transcriptomics data.,Yes,https://github.com/SydneyBioX/BIDCell,Deep learning,Include,"Primary placement follows cell-segmentation claim for imaging/subcellular ST. Code/access trace is metadata only; no Layer 3 runtime, callable, adapter, or environment support implied."
Segmentation,Histology image processing / segmentation support,VistoSeg,Visium histology image processing,"histology, microscopy, molecule coordinates, or subcellular transcript signals","cell/nucleus boundaries, segmented objects, or transcript-to-cell assignments",segmentation identifies physical cell or transcript objects rather than expression prediction as the endpoint; row subtask: Histology image processing / segmentation support,Image processing tool,VistoSeg: Processing utilities for high-resolution images for spatially resolved transcriptomics data.,10.1017/S2633903X23000235,38510173,2023,Biological Imaging,SpatialToolDB targeted supplement,PMID 41611568 / SpatialToolDB,Added as a named peer-reviewed image-processing utility relevant to segmentation-oriented handling of high-resolution spatially resolved transcriptomics images.,Yes,https://github.com/LieberInstitute/VistoSeg,Standard,Include,"Boundary method: retained under Segmentation because the reusable contribution is image-processing support for spatial transcriptomics segmentation workflows. Boundary row: image-processing and segmentation-workflow support, not a direct transcript-to-cell assignment method. Code/access trace is metadata only; no Layer 3 runtime, callable, adapter, or environment support implied."
Segmentation,Cell segmentation / transcript assignment,STCellbin,Cell-boundary based binning and segmentation,"histology, microscopy, molecule coordinates, or subcellular transcript signals","cell/nucleus boundaries, segmented objects, or transcript-to-cell assignments",segmentation identifies physical cell or transcript objects rather than expression prediction as the endpoint; row subtask: Cell segmentation / transcript assignment,Python / Stereo-seq,Generating single-cell gene expression profiles for high-resolution spatial transcriptomics based on cell boundary images.,10.46471/gigabyte.110,38434932,2024,GigaByte,SpatialToolDB targeted supplement,PMID 41611568 / SpatialToolDB,Added as a named peer-reviewed method for obtaining cell boundaries and single-cell gene-expression profiles in high-resolution spatial transcriptomics.,Yes,https://github.com/STOmics/STCellbin,Standard / image processing,Include,"Platform-specific boundary noted; primary placement follows cell-boundary/segmentation contribution rather than broad preprocessing. Code/access trace is metadata only; no Layer 3 runtime, callable, adapter, or environment support implied."
Super-resolution,Resolution enhancement of spot-based spatial transcriptomics,FICTURE,Segmentation-free spatial factorization,target-sample measured submicron or high-density spatial transcriptomics data,segmentation-free fine-scale spatial factor and tissue-feature maps,retained in Super-resolution as a measured high-density representation row: it analyzes fine-geometry target-sample spatial signal without claiming spot-to-subspot reconstruction,,FICTURE: scalable segmentation-free analysis of submicron-resolution spatial transcriptomics,10.1038/s41592-024-02415-2,39266749,2024,Nature Methods,Direct search,2026-04-13 taxonomy closure moved FICTURE from boundary tracking into Super-resolution after Nature Methods and GitHub re-verification.,Promoted from boundary tracking into Super-resolution after manual taxonomy closure.,Yes,https://github.com/seqscope/ficture,CPU,Include,Promoted from boundary tracking into Super-resolution after manual taxonomy closure.
Super-resolution,Resolution enhancement of spot-based spatial transcriptomics,iStar,Hierarchical image feature extraction,target-sample spot-based spatial transcriptomics with matched histology,super-resolved tissue architecture and inferred fine-resolution expression map,target-sample measured ST anchors histology-guided finer-geometry reconstruction,,Inferring super-resolution tissue architecture by integrating spatial transcriptomics with histology,10.1038/s41587-023-02019-9,38168986,2024,Nature Biotechnology,Direct search,Whitelist venue sweep: Nature Biotechnology + targeted super-resolution search,Recent addition bridging super-resolution and histology-guided prediction.,Yes,https://github.com/daviddaiweizhang/istar,Optional GPU,Include,"Recent stable addition bridging super-resolution and histology-guided prediction. Code trace filled by 2026-05-04 targeted metadata/code check; no Layer 3 runtime, callable, adapter, or environment support implied."
Super-resolution,Resolution enhancement of spot-based spatial transcriptomics,scstGCN,Vision Transformer plus graph convolution,"target-sample spot-based ST, spatial coordinates, and histology image",inferred single-cell-resolution spatial gene-expression map,measured spot-level ST anchors a finer-resolution inferred reconstruction,,"Inferring single-cell resolution spatial gene expression via fusing spot-based spatial transcriptomics, location, and histology using GCN",10.1093/bib/bbae630,39656774,2024,Briefings in Bioinformatics,Direct search,Ecosystem-exception sweep: Briefings in Bioinformatics + targeted super-resolution search,Added through the ecosystem-exception path to exhaust the current source layers.,Yes,https://github.com/wenwenmin/scstGCN,Optional GPU,Include,"Added through the ecosystem-exception path to exhaust the current source layers. Code trace filled by 2026-05-04 targeted metadata/code check; no Layer 3 runtime, callable, adapter, or environment support implied."
Super-resolution,Resolution enhancement of spot-based spatial transcriptomics,Spotiphy,Histology-aware pseudo-single-cell reconstruction,target-sample section-level spatial transcriptomics with image/context features,pseudo-single-cell whole-transcriptome spatial map,"measured section-level ST anchors inferred pseudo-cell reconstruction, not direct single-cell measurement",,Spotiphy enables single-cell spatial whole transcriptomics across an entire section,10.1038/s41592-025-02622-5,40074951,2025,Nature Methods,Direct search,User-prioritized direct search after super-resolution audit,Included as a super-resolution method because it reconstructs single-cell-resolved whole-transcriptome maps from section-level ST data.,Yes,https://github.com/jyyulab/Spotiphy,Optional GPU,Include,Included as a super-resolution method because it reconstructs single-cell-resolved whole-transcriptome maps from section-level ST data.
Super-resolution,Resolution enhancement of spot-based spatial transcriptomics,TESLA,Histology-guided machine learning,target-sample spatial transcriptomics with histology image,super-resolved spatial expression and tissue-ecosystem maps,measured ST anchors histology-guided super-resolution of the same tissue sample,,Deciphering tumor ecosystems at super resolution from spatial transcriptomics with TESLA,10.1016/j.cels.2023.03.008,37164011,2023,Cell Systems,Direct search,Whitelist venue sweep: Cell Systems + targeted super-resolution search,Whitelist-supported super-resolution method for tumor ecosystems.,Yes,https://github.com/jianhuupenn/TESLA,Optional GPU,Include,Stable whitelist-supported super-resolution method for tumor ecosystems.
Super-resolution,Resolution enhancement of spot-based spatial transcriptomics,XFuse,Deep data fusion,target-sample spatial transcriptomics with matched histology,super-resolved spatial expression map,measured ST and image data are fused for finer-geometry reconstruction,,Super-resolved spatial transcriptomics by deep data fusion,10.1038/s41587-021-01075-3,34845373,2022,Nature Biotechnology,Direct search,Whitelist venue sweep: Nature Biotechnology + targeted super-resolution search,Foundational super-resolution method for the topic.,Yes,https://github.com/maaskola/xfuse,Optional GPU,Include,Foundational super-resolution method for the topic.
Gene Expression Prediction / Imputation,Histology- and bulk-assisted expression prediction,STGAT,Graph attention enhanced-resolution prediction,training ST data with spot image/coordinates/expression plus target WSI and bulk RNA-seq,spot-level predicted gene-expression profiles and tissue labels,graph-attention model predicts expression from histology and bulk RNA context; exclude same-name deconvolution paper,Python / deep learning,Integrating spatial transcriptomics and bulk RNA-seq: predicting gene expression with enhanced resolution through graph attention networks.,10.1093/bib/bbae316,38960406,2024,Briefings in Bioinformatics,SpatialToolDB targeted supplement,PMID 41611568 / SpatialToolDB,Added as a named peer-reviewed method for enhanced-resolution gene-expression prediction using graph attention networks.,Yes,https://github.com/compbiolabucf/STGAT,Deep learning,Include,"Boundary with Spatial Gene Prediction should be revisited in Layer 2; current placement follows the enhanced-resolution claim. Code trace filled by 2026-05-04 targeted metadata/code check; no Layer 3 runtime, callable, adapter, or environment support implied. Code/access trace is metadata only; no Layer 3 runtime, callable, adapter, or environment support implied. Identity locked to the Briefings in Bioinformatics 2024 enhanced-resolution expression-prediction paper; exclude same-name deconvolution paper PMID 39461117."
Super-resolution,Resolution enhancement across spatial omics platforms,soScope,Deep generative resolution enhancement,target-sample spatial omics data with cross-platform enhancement context,enhanced-resolution tissue characterization or expression representation,measured spatial omics signal anchors enhanced-resolution reconstruction across platforms,Python / deep learning,Tissue characterization at an enhanced resolution across spatial omics platforms with deep generative model.,10.1038/s41467-024-50837-5,39095360,2024,Nature Communications,SpatialToolDB targeted supplement,PMID 41611568 / SpatialToolDB,Added as a named peer-reviewed deep generative method for enhanced-resolution tissue characterization across spatial omics platforms.,Yes,https://github.com/deng-ai-lab/soScope,Deep learning,Include,"Primary placement follows enhanced-resolution claim; cross-platform scope should be refined during Layer 2. Code trace filled by 2026-05-04 targeted metadata/code check; no Layer 3 runtime, callable, adapter, or environment support implied."
Super-resolution,Image-aided spatial resolution enhancement,ImSpiRE,Image feature-aided resolution enhancement,target-sample spatial transcriptomics with histology image features,image-aided enhanced-resolution spatial expression map,measured spatial expression anchors image-aided resolution enhancement,Python,ImSpiRE: image feature-aided spatial resolution enhancement method.,10.1007/s11427-023-2636-9,39327391,2025,Science China Life Sciences,SpatialToolDB targeted supplement,PMID 41611568 / SpatialToolDB,"Added as a named peer-reviewed image-aided spatial resolution enhancement method, placed under Super-resolution rather than Denoising / Imputation.",Yes,https://github.com/TongjiZhanglab/ImSpiRE,Standard / machine learning,Include,"SpatialToolDB listed this under imputation; local placement follows the primary resolution-enhancement claim. Code trace filled by 2026-05-04 targeted metadata/code check; no Layer 3 runtime, callable, adapter, or environment support implied."
Gene Expression Prediction / Imputation,Gene expression completion / prediction,GHIST,Histology-driven deep prediction,histology images with paired training data or learned histology-expression mapping,predicted single-cell-resolution spatial gene expression,histology-driven model predicts expression values rather than redistributing an assayed ST signal alone,,Spatial gene expression at single-cell resolution from histology using deep learning with GHIST,10.1038/s41592-025-02795-z,40954301,2025,Nature Methods,PubMed targeted journal sweep,2024-2025 high-priority journal sweep: Nature Methods,Metadata updated to the Nature Methods publication surfaced by the targeted journal sweep.,Yes,https://github.com/SydneyBioX/GHIST,Optional GPU,Include,Histology-driven spatial gene-expression prediction row; metadata corrected from the 2024-2025 high-priority journal sweep.
Gene Expression Prediction / Imputation,Gene expression completion / prediction,Hist2ST,Transformer plus graph neural network prediction,histology image patches with spatial context and paired ST training data,predicted spatial transcriptomics expression profiles,histology-to-expression prediction estimates expression values from image features,,Spatial transcriptomics prediction from histology jointly through Transformer and graph neural networks,,35849101,2022,Briefings in Bioinformatics,Direct search,Ecosystem-exception sweep: Briefings in Bioinformatics + targeted gene-prediction search,Ecosystem-exception method for histology-driven gene prediction.,Yes,https://github.com/biomed-AI/Hist2ST,Optional GPU,Include,Stable ecosystem-exception method for histology-driven gene prediction.
Gene Expression Prediction / Imputation,Gene expression completion / prediction,SpaGE,Shared latent-space enhancement,measured spatial expression for shared genes plus scRNA-seq reference,enhanced or imputed spatial expression for unmeasured genes,reference-assisted latent mapping predicts missing spatial gene expression,,SpaGE: Spatial Gene Enhancement using scRNA-seq,10.1093/nar/gkaa740,32955565,2020,Nucleic Acids Research,Direct search,Whitelist venue sweep: Nucleic Acids Research + targeted gene-prediction search,Canonical scRNA-seq-assisted spatial gene prediction method.,Yes,https://github.com/tabdelaal/SpaGE,CPU,Include,Canonical scRNA-seq-assisted spatial gene prediction method.
Gene Expression Prediction / Imputation,Gene expression completion / prediction,SpatialScope,Cellular-resolution transcriptomic reconstruction,spatial transcriptomics data plus single-cell reference,cellular-resolution inferred transcriptomic reconstruction,deep generative reconstruction predicts cell-level expression values from spatial and single-cell references,,Integrating spatial and single-cell transcriptomics data using deep generative models with SpatialScope,10.1038/s41467-023-43629-w,38030617,2024,Nature Communications,Direct search,Targeted gap-filling search after transcript-distribution benchmark review,Added because it is a foundational published method for cellular-resolution reconstruction from spatial transcriptomics.,Yes,https://github.com/YangLabHKUST/SpatialScope,Optional GPU,Include,Added because it is a foundational published method for cellular-resolution reconstruction from spatial transcriptomics. PMID/DOI and code link filled by targeted metadata/code check; no runtime support implied.
Gene Expression Prediction / Imputation,Gene expression completion / prediction,STASCAN,Multimodal spatial completion,spatial gene expression profiles plus histology images,fine-resolution cell distribution or spatial completion map,multimodal model predicts fine-resolution spatial structure from expression and histology rather than same-resolution denoising,,STASCAN deciphers fine-resolution cell distribution maps in spatial transcriptomics by deep learning,10.1186/s13059-024-03421-5,39439006,2024,Genome Biology,Direct search,User-prioritized whitelist omission audit after prediction-topic reconciliation,Included in the approved prediction branch as a multimodal spatial completion method that refines fine-resolution spatial structure from expression and histology.,Yes,https://github.com/AbbyWY/STASCAN,Optional GPU,Include,Included in the approved prediction branch as a multimodal spatial completion method that refines fine-resolution spatial structure from expression and histology.
Gene Expression Prediction / Imputation,Gene expression completion / prediction,stPlus,Reference-based enhancement,spatial transcriptomics matrix plus single-cell reference,enhanced spatial expression with predicted missing genes,reference-assisted enhancement imputes unmeasured or weakly measured expression values,,stPlus: a reference-based method for the accurate enhancement of spatial transcriptomics,10.1093/bioinformatics/btab298,34252941,2021,Bioinformatics,Direct search,Ecosystem-exception sweep: Bioinformatics + targeted gene-prediction search,Included as a reference-based enhancement method that fits the current prediction window better than preprocessing.,Yes,https://github.com/xy-chen16/stPlus,CPU,Include,Included as a reference-based enhancement method that fits the current prediction window better than preprocessing.
Gene Expression Prediction / Imputation,Gene expression completion / prediction,THItoGene,Hybrid neural network prediction,histological images with learned histology-to-ST mapping,predicted spatial transcriptomics expression,histology-driven neural model predicts expression values for spatial positions,,THItoGene: a deep learning method for predicting spatial transcriptomics from histological images,10.1093/bib/bbad464,38145948,2023,Briefings in Bioinformatics,Direct search,Ecosystem-exception sweep: Briefings in Bioinformatics + targeted gene-prediction search,Included to exhaust the image-driven prediction layer beyond Hist2ST.,Yes,https://github.com/yrjia1015/THItoGene,Optional GPU,Include,Included to exhaust the image-driven prediction layer beyond Hist2ST.
Gene Expression Prediction / Imputation,Gene expression completion / prediction,TISSUE,Uncertainty-calibrated prediction analysis,predicted spatial expression values with calibration context from measured spatial data,uncertainty-calibrated prediction intervals and reliability summaries,calibration layer qualifies predicted/imputed expression values rather than generating direct measurements,,TISSUE: uncertainty-calibrated prediction of single-cell spatial transcriptomics improves downstream analyses,10.1038/s41592-024-02184-y,38347138,2024,Nature Methods,Direct search,User-prioritized prediction-method search after master-registry audit,Added because uncertainty-calibrated prediction is a distinct published contribution within the current prediction topic.,Yes,https://github.com/sunericd/TISSUE,CPU,Include,Added because uncertainty-calibrated prediction is a distinct published contribution within the current prediction topic. PMID/DOI corrected from prior mismatched record and code link filled by targeted metadata/code check; no runtime support implied.
Spatial Perturbation Analysis,Spatial perturbation-response modeling,CONCERT,Niche-aware generative modeling,"spatial data under perturbation, treatment, genetic, or temporal intervention context","perturbation-response patterns, regulators, or effect summaries",spatial perturbation analysis links perturbations to spatial molecular or cellular responses without overclaiming causality; row subtask: Spatial perturbation-response modeling,,CONCERT predicts niche-aware perturbation responses in spatial transcriptomics,10.1101/2025.11.08.686890,41292874,2025,bioRxiv,Direct search,"Direct gap-filling search after benchmark, review, and venue sweeps found no stable peer-reviewed core; 2026-04-13 supplement re-confirmed public code.","Included in the first-layer registry from expanded retrieval; Direct gap-filling search after benchmark, review, and venue sweeps found no peer-reviewed core; 2026-04-13 supplement re-confirmed public code.",Yes,https://github.com/mims-harvard/CONCERT,Required GPU,Include,"Existing first-layer row retained; GitHub and accessibility metadata now re-confirmed, but the method remains preprint-only and frontier-facing."
Data Quality Control,Spatial preprocessing / QC pipeline,stPipe,R/Bioconductor preprocessing pipeline,"raw or early-stage spatial data with coordinates, tissue image, or quality metrics","quality labels, flagged spots/features, or QC summaries",data quality control evaluates measurement reliability before downstream analysis; row subtask: Spatial preprocessing / QC pipeline,R / Bioconductor,stPipe: a Bioconductor toolkit for preprocessing and quality control of spatial transcriptomics data,10.1093/nargab/lqaf167,41278534,2025,NAR Genomics and Bioinformatics,PubMed targeted search,Query: spatial transcriptomics quality control preprocessing,Added as a direct spatial transcriptomics preprocessing and quality-control toolkit.,Yes,https://bioconductor.org/packages/stPipe,CPU,Include,"Upstream preprocessing/QC pipeline for sequencing-based spatial transcriptomics; not a substitute for post-count local artifact detection or vertical overlap QC. Code/access trace is metadata only; no Layer 3 runtime, callable, adapter, or environment support implied. Topic boundary: DQC = quality evidence / reporting / filtering decision support; not mechanism-specific corrected signal generation."
Denoising / Signal Recovery,Diffusion-based denoising / imputation,DiffusionST,Generative diffusion denoising / imputation,target-sample measured ST matrix with spatial context,denoised spatial transcriptomics expression at the existing spots,diffusion denoising recovers same-resolution measured expression signal,Python / deep learning,DiffusionST: denoising spatial transcriptomics data with generative diffusion model,10.1093/bib/bbaf390,40794943,2025,Briefings in Bioinformatics,PubMed targeted search,Query: spatial transcriptomics denoising imputation,Added as a peer-reviewed denoising/imputation method with direct spatial transcriptomics scope.,Yes,,Optional GPU,Include,GitHub URL left blank pending direct code-link validation.
Gene Expression Prediction / Imputation,Reference-assisted missing-gene imputation,stDiff,Diffusion-model imputation,measured/shared spatial genes plus reference single-cell transcriptomics,imputed missing spatial expression and enhanced ST data,diffusion model performs reference-assisted missing gene expression imputation,Python / deep learning,stDiff: diffusion model for imputing spatial transcriptomics through single-cell transcriptomics,10.1093/bib/bbae171,38628114,2024,Briefings in Bioinformatics,PubMed targeted search,Query: spatial transcriptomics denoising imputation,Added as a peer-reviewed spatial transcriptomics imputation method.,Yes,https://github.com/fdu-wangfeilab/stDiff,Optional GPU,Include,"GitHub URL left blank pending direct code-link validation. Code/access trace is metadata only; no Layer 3 runtime, callable, adapter, or environment support implied."
Denoising / Signal Recovery,Graph contrastive denoising / imputation,stGRL,Multi-task graph contrastive denoising / imputation,target-sample measured ST with spatial graph/context,denoised or recovered expression representation at the same grid,graph representation learning targets same-resolution ST denoising/signal recovery,Python / deep learning,Denoising spatial transcriptomics data via multi-task graph representation learning,10.1186/s12915-025-02290-z,40597202,2025,BMC Biology,PubMed targeted search,Query: spatial transcriptomics denoising imputation,Added as a peer-reviewed denoising method with direct spatial transcriptomics scope.,Yes,,Optional GPU,Include,GitHub URL left blank pending direct code-link validation.
Artifact Correction,Imaging artifact / vignetting correction,Non-parametric Vignetting Correction,Non-parametric illumination-field correction,measured spatial transcriptomics or imaging data with suspected technical artifacts,"artifact-corrected expression, image, or spatial signal for the same sample",artifact correction removes technical artifacts from existing measured data before downstream analysis; row subtask: Imaging artifact / vignetting correction,,Non-parametric Vignetting Correction for Sparse Spatial Transcriptomics Images,10.1007/978-3-030-87237-3_45,35274110,2021,MICCAI / LNCS,PubMed targeted search,Query: spatial transcriptomics vignetting correction sparse images,Added as image-level artifact correction for sparse spatial transcriptomics images; this row does not cover count-matrix contamination correction.,Yes,https://github.com/BoveyRao/Non-parametric-vc-for-sparse-st,CPU,Include,"Vignetting/intensity-field correction branch; mechanism-specific correction and not a generic artifact-ranking method. Code/access trace is metadata only; no Layer 3 runtime, callable, adapter, or environment support implied. Topic boundary: Artifact Correction = mechanism-specific corrected signal generation; not general QC evidence / reporting / filtering decision support."
Normalization,Spatial-aware normalization,SpaNorm,Spatial-aware normalization,spatial transcriptomics count matrix with spatial coordinates,normalized expression matrix for downstream spatial analyses,"normalization adjusts scaling, library-size, or comparable technical-depth effects in measured spatial expression before downstream modeling; row subtask: Spatial-aware normalization",,SpaNorm: spatially-aware normalization for spatial transcriptomics data,10.1186/s13059-025-03565-y,40301877,2025,Genome Biology,PubMed targeted search,Query: spatial transcriptomics normalization spatial-aware normalization,Added as a direct spatial transcriptomics normalization method that models library-size effects separately from spatial biology.,Yes,https://bioconductor.org/packages/SpaNorm,CPU,Include,"Direct spatial-aware normalization row; may attenuate real spatial biology when library size or depth effects track tissue structure. Backbone workflow packages are recorded in Layer2 context only, not as positive Layer1 method rows. Code/access trace is metadata only; no Layer 3 runtime, callable, adapter, or environment support implied."
Program Discovery,Spatial topic / gene-module discovery,STAMP,Spatial topic modeling,"spatial expression, topics, genes, networks, or factorization inputs","gene programs, topics, factors, modules, or regulatory/co-expression programs",program discovery extracts latent or interpretable gene/program structure from spatial data; row subtask: Spatial topic / gene-module discovery,,Interpretable spatially aware dimension reduction of spatial transcriptomics with STAMP,10.1038/s41592-024-02463-8,39407016,2024,Nature Methods,PubMed targeted search,Query: spatial transcriptomics topic model gene module factor,Added to Program Discovery because STAMP returns spatial topics and associated gene modules. The existing Domain / Clustering row remains a separate task-facing placement.,Yes,https://github.com/JinmiaoChenLab/scTM,Optional GPU,Include,"Intentional cross-topic row: this entry captures topic/gene-module output, not default domain clustering."
Program Discovery,Spatial topic / transcriptional program discovery,SpaTM,Spatial topic modeling,"spatial expression, topics, genes, networks, or factorization inputs","gene programs, topics, factors, modules, or regulatory/co-expression programs",program discovery extracts latent or interpretable gene/program structure from spatial data; row subtask: Spatial topic / transcriptional program discovery,,SpaTM: topic models for inferring spatially informed transcriptional programs,10.1093/bib/bbaf657,41359801,2025,Briefings in Bioinformatics,PubMed targeted search,Query: spatial transcriptomics topic model transcriptional program,Added as a direct spatial topic-model method for transcriptional program inference.,Pending,,CPU,Include,Multi-output topic model; Layer 2 should separate program discovery from domain-label use.
Program Discovery,Subcellular spatial factor discovery,FISHFactor,Probabilistic spatial factor model,"spatial expression, topics, genes, networks, or factorization inputs","gene programs, topics, factors, modules, or regulatory/co-expression programs",program discovery extracts latent or interpretable gene/program structure from spatial data; row subtask: Subcellular spatial factor discovery,,FISHFactor: a probabilistic factor model for spatial transcriptomics data with subcellular resolution,10.1093/bioinformatics/btad183,37039825,2023,Bioinformatics,PubMed targeted search,Query: spatial transcriptomics factor discovery probabilistic factor model,Added as a spatial factor model for subcellular-resolution program/factor discovery.,Pending,,CPU,Include,Subcellular-resolution factor model; not a domain-identification claim.
Program Discovery,Spatial gene-set co-program discovery,SpatialCorr,Spatially varying gene-set correlation,"spatial expression, topics, genes, networks, or factorization inputs","gene programs, topics, factors, modules, or regulatory/co-expression programs",program discovery extracts latent or interpretable gene/program structure from spatial data; row subtask: Spatial gene-set co-program discovery,,SpatialCorr identifies gene sets with spatially varying correlation structure,10.1016/j.crmeth.2022.100369,36590683,2022,Cell Reports Methods,PubMed targeted search,Query: spatial transcriptomics spatially varying correlation gene sets,Added as a gene-set co-program/correlation discovery method for spatial transcriptomics.,Pending,,CPU,Include,Uses user-defined gene sets; not an unsupervised all-gene program-discovery default.
Program Discovery,Spatial co-expression network discovery,SpaceX,Bayesian spatial co-expression network,"spatial expression, topics, genes, networks, or factorization inputs","gene programs, topics, factors, modules, or regulatory/co-expression programs",program discovery extracts latent or interpretable gene/program structure from spatial data; row subtask: Spatial co-expression network discovery,,SpaceX: gene co-expression network estimation for spatial transcriptomics,10.1093/bioinformatics/btac645,36179087,2022,Bioinformatics,PubMed targeted search,Query: spatial transcriptomics gene co-expression network estimation,Added as a spatial co-expression network method for coordinated program/module discovery.,Pending,,CPU,Include,Program-discovery-adjacent network method; Layer 2 should decide whether it remains in the core candidate set.
Spatial Trajectory Analysis,Spatial RNA velocity inference,SIRV,Reference-informed spatial RNA velocity,"spatial expression with velocity, temporal, lineage, or ordered-state cues","spatial trajectories, pseudotime, velocity fields, or spatiotemporal structure",spatial trajectory analysis infers ordered state transitions or dynamics in tissue context; row subtask: Spatial RNA velocity inference,,SIRV: spatial inference of RNA velocity at the single-cell resolution,10.1093/nargab/lqae100,39108639,2024,NAR Genomics and Bioinformatics,PubMed targeted search,Query: spatial transcriptomics RNA velocity trajectory inference,Added as a direct spatial RNA-velocity method for spatial differentiation trajectories.,Pending,,CPU,Include,"Requires reference scRNA-seq information for spliced/unspliced enrichment. Trajectory, velocity, pseudotime, fate, and causal outputs are model-based interpretations, not lineage tracing, migration proof, real time, or experimental causality. Code/access trace is metadata only; no Layer 3 runtime, callable, adapter, or environment support implied."
Spatial Trajectory Analysis,Spatiotemporal structure / trajectory inference,PearlST,PDE-enhanced adversarial graph autoencoder,"spatial expression with velocity, temporal, lineage, or ordered-state cues","spatial trajectories, pseudotime, velocity fields, or spatiotemporal structure",spatial trajectory analysis infers ordered state transitions or dynamics in tissue context; row subtask: Spatiotemporal structure / trajectory inference,,Dissecting Spatiotemporal Structures in Spatial Transcriptomics via Diffusion-Based Adversarial Learning,10.34133/research.0390,38812530,2024,Research,PubMed targeted search,Query: spatial transcriptomics spatiotemporal structures pseudotime trajectory,Added as a trajectory-relevant spatiotemporal-structure method with explicit temporal trajectory output.,Pending,,Optional GPU,Include,"Multi-task method; this row only captures trajectory/spatiotemporal structure use. Trajectory, velocity, pseudotime, fate, and causal outputs are model-based interpretations, not lineage tracing, migration proof, real time, or experimental causality. Code/access trace is metadata only; no Layer 3 runtime, callable, adapter, or environment support implied."
Spatial Clonal Analysis,Spatial CNA / clone inference from ST,STARCH,Copy-number and clone inference,"spatial expression, copy-number, genotype, or clone-informative molecular data","spatial clones, subclones, clone-specific states, or CNA maps",spatial clonal analysis infers tumor clone/subclone structure in tissue space; row subtask: Spatial CNA / clone inference from ST,,STARCH: copy number and clone inference from spatial transcriptomics data,10.1088/1478-3975/abbe99,33022659,2021,Physical Biology,PubMed targeted search,Query: spatial transcriptomics clone copy number STARCH,Added as an older direct spatial transcriptomics clone/CNA inference method.,Yes,https://github.com/raphael-group/STARCH,CPU,Include,"Broad Layer 1 evidence row; previous strict-core consolidation caveats still apply. Spatial clonal-analysis rows use different clone-signal types and are not interchangeable; matched-data requirements and subclone caveats must remain branch-local. Code/access trace is metadata only; no Layer 3 runtime, callable, adapter, or environment support implied."
Spatial Clonal Analysis,Spatial clone deconvolution / clone-specific expression,Tumoroscope,Probabilistic spatial clone deconvolution,"spatial expression, copy-number, genotype, or clone-informative molecular data","spatial clones, subclones, clone-specific states, or CNA maps",spatial clonal analysis infers tumor clone/subclone structure in tissue space; row subtask: Spatial clone deconvolution / clone-specific expression,,Integrative spatial and genomic analysis of tumor heterogeneity with Tumoroscope,10.1038/s41467-024-53374-3,39472583,2024,Nature Communications,PubMed targeted search,Query: Tumoroscope spatial transcriptomics clone deconvolution,Added as a probabilistic model for spatial clone localization and clone-specific expression.,Pending,,CPU,Include,"Integrates WES, pathology images, and spatial transcriptomics; not a pure ST-only method. Spatial clonal-analysis rows use different clone-signal types and are not interchangeable; matched-data requirements and subclone caveats must remain branch-local. Code/access trace is metadata only; no Layer 3 runtime, callable, adapter, or environment support implied."
Spatial Clonal Analysis,Spatial CNA / subclone detection from sparse ST,SlideCNA,Spatial copy-number alteration detection,"spatial expression, copy-number, genotype, or clone-informative molecular data","spatial clones, subclones, clone-specific states, or CNA maps",spatial clonal analysis infers tumor clone/subclone structure in tissue space; row subtask: Spatial CNA / subclone detection from sparse ST,,SlideCNA: spatial copy number alteration detection from Slide-seq-like spatial transcriptomics data,10.1186/s13059-025-03573-y,40317049,2025,Genome Biology,PubMed targeted search,Query: spatial transcriptomics copy number clone SlideCNA,Added as a direct spatial CNA method with stated potential for spatial subclone detection.,Pending,,CPU,Include,"Publication date verified as 2025-05-02; included relative to the 2026-05-01 execution date. Spatial clonal-analysis rows use different clone-signal types and are not interchangeable; matched-data requirements and subclone caveats must remain branch-local. Code/access trace is metadata only; no Layer 3 runtime, callable, adapter, or environment support implied."
Spatial Perturbation Analysis,Spatial causal perturbation-response modeling,Celcomen,Causal generative perturbation modeling,"spatial data under perturbation, treatment, genetic, or temporal intervention context","perturbation-response patterns, regulators, or effect summaries",spatial perturbation analysis links perturbations to spatial molecular or cellular responses without overclaiming causality; row subtask: Spatial causal perturbation-response modeling,,Celcomen: spatial causal disentanglement for single-cell and tissue perturbation modeling,10.1038/s41467-026-69856-5,41851134,2026,Nature Communications,PubMed targeted search,Query: spatial transcriptomics perturbation counterfactual causal modeling,Added as a peer-reviewed computational method for counterfactual spatial transcriptomics and tissue perturbation modeling.,Pending,,Optional GPU,Include,"Publication date verified as 2026-03-18, before the 2026-05-01 execution date."
Spatial Perturbation Analysis,Spatial perturbation-effect detection,Spatial-ZEDNet,Zero-inflated spatial differential activation modeling,"spatial data under perturbation, treatment, genetic, or temporal intervention context","perturbation-response patterns, regulators, or effect summaries",spatial perturbation analysis links perturbations to spatial molecular or cellular responses without overclaiming causality; row subtask: Spatial perturbation-effect detection,,Spatial-ZEDNet: a unified spatial transcriptomics framework for detecting differential gene activation and expression,10.1093/bib/bbag166,42001470,2026,Briefings in Bioinformatics,Targeted boundary literature check,2026-05-02 human-approved spatial perturbation boundary expansion,PubMed/DOI identity verified; code link reported by publisher.,Yes,https://github.com/NIEHS/Spatial-ZEDINet,CPU,Include,"Human-approved addition for observed perturbation/exposure-effect detection; detects spatial DEGs and DAGs across control and perturbed/treatment conditions, not a counterfactual response generator."
Spatial Perturbation Analysis,Perturbation-responsive spatial pattern detection,River,Interpretable deep learning pattern prioritization,"spatial data under perturbation, treatment, genetic, or temporal intervention context","perturbation-response patterns, regulators, or effect summaries",spatial perturbation analysis links perturbations to spatial molecular or cellular responses without overclaiming causality; row subtask: Perturbation-responsive spatial pattern detection,,Prioritizing perturbation-responsive gene patterns using interpretable deep learning,10.1038/s41467-025-61476-9,40603296,2025,Nature Communications,Targeted boundary literature check,2026-05-02 human-approved spatial perturbation boundary expansion,PubMed/PMC/Nature Communications identity verified; code availability reported in the paper.,Yes,https://github.com/C0nc/River,Optional GPU,Include,Human-approved addition for condition-relevant differential spatial expression pattern prioritization; not a causal/counterfactual perturbation-response generator.
Spatial Perturbation Analysis,Spatiotemporal perturbation regulator prioritization,Perturb-STNet,Network-based spatiotemporal perturbation regulator modeling,"spatial data under perturbation, treatment, genetic, or temporal intervention context","perturbation-response patterns, regulators, or effect summaries",spatial perturbation analysis links perturbations to spatial molecular or cellular responses without overclaiming causality; row subtask: Spatiotemporal perturbation regulator prioritization,,Fusion of spatiotemporal and network models to prioritize multiscale effects in single-cell perturbations,10.1093/bib/bbaf277,40545244,2025,Briefings in Bioinformatics,Targeted boundary literature check,2026-05-02 human-approved spatial perturbation boundary expansion,PubMed and Briefings in Bioinformatics identity verified; publisher reports public R code.,Yes,https://github.com/NIEHS/Perturb-STNet,CPU,Include,"Human-approved addition for spatiotemporal regulator prioritization under perturbation; outputs pSTDERs and regulatory-network summaries, not experimental causality proof."
Artifact Correction,Segmentation-error / molecular admixture correction,cellAdmix,Local molecular-neighborhood factorization,measured spatial transcriptomics or imaging data with suspected technical artifacts,"artifact-corrected expression, image, or spatial signal for the same sample",artifact correction removes technical artifacts from existing measured data before downstream analysis; row subtask: Segmentation-error / molecular admixture correction,R,Impact and correction of segmentation errors in spatial transcriptomics,10.1038/s41588-025-02497-4,41559218,2026,Nature Genetics,User-prioritized direct article check,Targeted verification of Nature Genetics article and cellAdmix code availability,Added as a direct method for identifying and reducing molecular admixture caused by segmentation errors in imaging-based spatial transcriptomics.,Yes,https://github.com/kharchenkolab/cellAdmix,CPU,Include,"Molecular admixture correction branch; corrected signal does not prove segmentation is solved. Code/access trace is metadata only; no Layer 3 runtime, callable, adapter, or environment support implied. Topic boundary: Artifact Correction = mechanism-specific corrected signal generation; not general QC evidence / reporting / filtering decision support."
Artifact Correction,Xenium signal contamination / transcript-spillover correction,SPLIT,Xenium signal-contamination and transcript-spillover correction,Xenium spatial transcriptomics transcript calls or expression matrix with spatial molecule context,"contamination-aware Xenium expression estimates, transcript-spillover diagnostics, or corrected downstream-ready signal",artifact correction removes technical artifacts from existing measured data before downstream analysis; row subtask: Xenium signal contamination / transcript-spillover correction,Python,"Resolving sensitivity, specificity and signal contamination in Xenium spatial transcriptomics",10.1038/s41592-026-03089-8,42062553,2026,Nature Methods,User-prioritized targeted supplement,2026-05-05 DQC + Artifact Correction reconciliation,Added as a direct Xenium signal-contamination / transcript-spillover artifact-correction method; public code/access trace verified.,Yes,https://github.com/bdsc-tds/SPLIT,CPU,Include,"Platform-specific to Xenium-style signal contamination/transcript spillover; not generic denoising or generic QC. Code/access trace is metadata only; no Layer 3 runtime, callable, adapter, or environment support implied. Topic boundary: Artifact Correction = mechanism-specific corrected signal generation; not general QC evidence / reporting / filtering decision support."
Graph / Neighborhood,Neighborhood / niche representation learning,MESA,Ecological spatial analysis,"spatial expression with coordinates, neighbor graph, or cellular community context","neighborhood representations, spatial graphs, niches, motifs, or topology summaries",graph/neighborhood analysis models local spatial relationships rather than primary gene prediction; row subtask: Neighborhood / niche representation learning,,Quantitative characterization of tissue states using multiomics and ecological spatial analysis,10.1038/s41588-025-02119-z,40169791,2025,Nature Genetics,PubMed targeted journal sweep,2024-2025 high-priority journal sweep,"Added as a spatial-ecology framework for quantifying tissue states, spatial diversity, hotspots, and neighborhood shifts.",Pending,,CPU,Include,"Added as a spatial-ecology framework for quantifying tissue states, spatial diversity, hotspots, and neighborhood shifts."
Graph / Neighborhood,Neighborhood / niche representation learning,NicheCompass,Communication-aware graph deep learning,"spatial expression with coordinates, neighbor graph, or cellular community context","neighborhood representations, spatial graphs, niches, motifs, or topology summaries",graph/neighborhood analysis models local spatial relationships rather than primary gene prediction; row subtask: Neighborhood / niche representation learning,,Quantitative characterization of cell niches in spatially resolved omics data,10.1038/s41588-025-02120-6,40102688,2025,Nature Genetics,PubMed targeted journal sweep,2024-2025 high-priority journal sweep,Added as a graph deep-learning method for interpretable niche embeddings and communication-aware niche characterization.,Pending,,Optional GPU,Include,Added as a graph deep-learning method for interpretable niche embeddings and communication-aware niche characterization.
Graph / Neighborhood,Neighborhood / niche representation learning,Nicheformer,Single-cell/spatial foundation model,"spatial expression with coordinates, neighbor graph, or cellular community context","neighborhood representations, spatial graphs, niches, motifs, or topology summaries",graph/neighborhood analysis models local spatial relationships rather than primary gene prediction; row subtask: Neighborhood / niche representation learning,,Nicheformer: a foundation model for single-cell and spatial omics,10.1038/s41592-025-02814-z,41168487,2025,Nature Methods,PubMed targeted journal sweep,2024-2025 high-priority journal sweep,Added as a foundation model for niche-scale single-cell and spatial omics representation.,Pending,,Optional GPU,Include,Added as a foundation model for niche-scale single-cell and spatial omics representation.
Graph / Neighborhood,Neighborhood / niche representation learning,SPARROW,Joint cell-state and organization embedding,"spatial expression with coordinates, neighbor graph, or cellular community context","neighborhood representations, spatial graphs, niches, motifs, or topology summaries",graph/neighborhood analysis models local spatial relationships rather than primary gene prediction; row subtask: Neighborhood / niche representation learning,,SPARROW reveals microenvironment-zone-specific cell states in healthy and diseased tissues,10.1016/j.cels.2025.101235,40112778,2025,Cell Systems,PubMed targeted journal sweep,2024-2025 high-priority journal sweep,Added as a joint embedding and soft-clustering method for cell states and cellular organization.,Pending,,Optional GPU,Include,Added as a joint embedding and soft-clustering method for cell states and cellular organization.
Graph / Neighborhood,Neighborhood / niche representation learning,CytoCommunity,Graph neural tissue-neighborhood discovery,"spatial expression with coordinates, neighbor graph, or cellular community context","neighborhood representations, spatial graphs, niches, motifs, or topology summaries",graph/neighborhood analysis models local spatial relationships rather than primary gene prediction; row subtask: Neighborhood / niche representation learning,,Unsupervised and supervised discovery of tissue cellular neighborhoods from cell phenotypes,10.1038/s41592-023-02124-2,38191930,2024,Nature Methods,PubMed targeted journal sweep,2024-2025 high-priority journal sweep,Added as a graph-neural method for tissue cellular neighborhood discovery from spatial cell phenotypes.,Pending,,Optional GPU,Include,Added as a graph-neural method for tissue cellular neighborhood discovery from spatial cell phenotypes.
Graph / Neighborhood,Spatial motif discovery,SMORE,Spatial motif mining,"spatial expression with coordinates, neighbor graph, or cellular community context","neighborhood representations, spatial graphs, niches, motifs, or topology summaries",graph/neighborhood analysis models local spatial relationships rather than primary gene prediction; row subtask: Spatial motif discovery,,SMORE: spatial motifs reveal patterns in cellular architecture of complex tissues,10.1186/s13059-024-03467-5,39754206,2025,Genome Biology,PubMed targeted journal sweep,2024-2025 high-priority journal sweep,Added as a spatial motif method for cellular architecture pattern discovery.,Pending,,CPU,Include,Added as a spatial motif method for cellular architecture pattern discovery.
Graph / Neighborhood,Spatial motif discovery,TrimNN,Triangulation cellular community motif neural network,"spatial expression with coordinates, neighbor graph, or cellular community context","neighborhood representations, spatial graphs, niches, motifs, or topology summaries",graph/neighborhood analysis models local spatial relationships rather than primary gene prediction; row subtask: Spatial motif discovery,,TrimNN: characterizing cellular community motifs for studying multicellular topological organization in complex tissues,10.1038/s41467-025-63141-7,40830137,2025,Nature Communications,Targeted Graph freeze reopen,2026-05-03 Graph / Neighborhood boundary-hardening review,Added as a cellular community motif and multicellular topological organization method after targeted TrimNN-adjacent review.,Yes,https://github.com/yuyang-0825/TrimNN,Optional GPU,Include,"Layer 1 evidence inclusion only; Graph placement follows motif/topology output, not domain labels or CCC edges."
Graph / Neighborhood,Neighborhood / niche representation learning,scNiche,Multi-view graph cell-niche representation,"spatial expression with coordinates, neighbor graph, or cellular community context","neighborhood representations, spatial graphs, niches, motifs, or topology summaries",graph/neighborhood analysis models local spatial relationships rather than primary gene prediction; row subtask: Neighborhood / niche representation learning,,Identification and characterization of cell niches in tissue from spatial omics data at single-cell resolution,10.1038/s41467-025-57029-9,39956823,2025,Nature Communications,Targeted Graph freeze reopen,2026-05-03 Graph / Neighborhood boundary-hardening review,Added as a single-cell-resolution cell niche identification and characterization method.,Yes,https://github.com/ZJUFanLab/scNiche,Optional GPU,Include,Layer 1 evidence inclusion only; not a hard spatial domain or CCC method.
Graph / Neighborhood,Neighborhood / niche representation learning,CellNiche,Contrastive cellular microenvironment representation,"spatial expression with coordinates, neighbor graph, or cellular community context","neighborhood representations, spatial graphs, niches, motifs, or topology summaries",graph/neighborhood analysis models local spatial relationships rather than primary gene prediction; row subtask: Neighborhood / niche representation learning,,CellNiche represents cellular microenvironments in atlas-scale spatial omics data with contrastive learning,10.1038/s41467-026-71759-4,42020427,2026,Nature Communications,Targeted Graph freeze reopen,2026-05-03 Graph / Neighborhood boundary-hardening review,Added as an atlas-scale cellular microenvironment representation method after targeted boundary review.,Yes,https://github.com/Super-LzzZ/CellNiche,Optional GPU,Include,"Publication date verified before 2026-05-03; included as Graph microenvironment embedding evidence, not runtime support."
Graph / Neighborhood,Spatial representation learning,DECIPHER,Disentangled cellular embedding learning,"spatial expression with coordinates, neighbor graph, or cellular community context","neighborhood representations, spatial graphs, niches, motifs, or topology summaries",graph/neighborhood analysis models local spatial relationships rather than primary gene prediction; row subtask: Spatial representation learning,,DECIPHER for learning disentangled cellular embeddings in large-scale heterogeneous spatial omics data,10.1038/s41467-025-63140-8,40866331,2025,Nature Communications,Targeted Graph freeze reopen,2026-05-03 Graph / Neighborhood boundary-hardening review,Added as a spatial-context and disentangled cellular embedding method; not a hard domain or CCC method.,Yes,https://github.com/gao-lab/DECIPHER,Optional GPU,Include,Layer 1 evidence inclusion only; Graph placement is restricted to spatial-context representation.
Graph / Neighborhood,Single-cell neighborhood reconstruction,scHolography,Transcriptome-to-space neighborhood reconstruction,"spatial expression with coordinates, neighbor graph, or cellular community context","neighborhood representations, spatial graphs, niches, motifs, or topology summaries",graph/neighborhood analysis models local spatial relationships rather than primary gene prediction; row subtask: Single-cell neighborhood reconstruction,,scHolography: a computational method for single-cell spatial neighborhood reconstruction and analysis,10.1186/s13059-024-03299-3,38915088,2024,Genome Biology,PubMed targeted journal sweep,2024-2025 high-priority journal sweep,Added as a method for single-cell spatial neighborhood reconstruction and 3D tissue visualization.,Pending,,Optional GPU,Include,Added as a method for single-cell spatial neighborhood reconstruction and 3D tissue visualization.
Graph / Neighborhood,Spatial representation learning,SIGEL,Context-aware genomic representation learning,"spatial expression with coordinates, neighbor graph, or cellular community context","neighborhood representations, spatial graphs, niches, motifs, or topology summaries",graph/neighborhood analysis models local spatial relationships rather than primary gene prediction; row subtask: Spatial representation learning,,SIGEL: a context-aware genomic representation learning framework for spatial genomics analysis,10.1186/s13059-025-03748-7,40983914,2025,Genome Biology,PubMed targeted journal sweep,2024-2025 high-priority journal sweep,Added as a context-aware spatial genomics representation-learning method.,Pending,,Optional GPU,Include,Added as a context-aware spatial genomics representation-learning method.
Domain / Clustering,Spatial domain identification,Novae,Graph-based foundation model,"spatial expression, multi-omics, image, or neighborhood features for a tissue section","spatial domains, clusters, tissue regions, or embeddings supporting domain labels",domain/clustering methods partition tissue into spatially coherent regions or clusters; row subtask: Spatial domain identification,,Novae: a graph-based foundation model for spatial transcriptomics data,10.1038/s41592-025-02899-6,41372623,2025,Nature Methods,PubMed targeted journal sweep,2024-2025 high-priority journal sweep,Added as a graph-based foundation model that extracts spatial domains and microenvironment organization.,Yes,https://github.com/MICS-Lab/novae,Optional GPU,Include,Added as a graph-based foundation model that extracts spatial domains and microenvironment organization.
Domain / Clustering,Spatial domain identification,IRIS,Reference-informed tissue segmentation,"spatial expression, multi-omics, image, or neighborhood features for a tissue section","spatial domains, clusters, tissue regions, or embeddings supporting domain labels",domain/clustering methods partition tissue into spatially coherent regions or clusters; row subtask: Spatial domain identification,,Accurate and efficient integrative reference-informed spatial domain detection for spatial transcriptomics,10.1038/s41592-024-02284-9,38844627,2024,Nature Methods,PubMed targeted journal sweep,2024-2025 high-priority journal sweep,Added as a reference-informed spatial domain/tissue segmentation method.,Pending,,CPU,Include,Added as a reference-informed spatial domain/tissue segmentation method.
Domain / Clustering,Spatial domain identification,SpatialGlue,Spatial multi-omics graph integration,"spatial expression, multi-omics, image, or neighborhood features for a tissue section","spatial domains, clusters, tissue regions, or embeddings supporting domain labels",domain/clustering methods partition tissue into spatially coherent regions or clusters; row subtask: Spatial domain identification,,Deciphering spatial domains from spatial multi-omics with SpatialGlue,10.1038/s41592-024-02316-4,38907114,2024,Nature Methods,PubMed targeted journal sweep,2024-2025 high-priority journal sweep,Added as a spatial multi-omics integration method whose primary published output is spatial domain decoding.,Pending,,Optional GPU,Include,Added as a spatial multi-omics integration method whose primary published output is spatial domain decoding.
Domain / Clustering,Spatial domain identification,BINARY,Binarized graph convolutional domain detection,"spatial expression, multi-omics, image, or neighborhood features for a tissue section","spatial domains, clusters, tissue regions, or embeddings supporting domain labels",domain/clustering methods partition tissue into spatially coherent regions or clusters; row subtask: Spatial domain identification,,Complete spatially resolved gene expression is not necessary for identifying spatial domains,10.1016/j.xgen.2024.100565,38781966,2024,Cell Genomics,PubMed targeted journal sweep,2024-2025 high-priority journal sweep,Added as a graph-convolutional spatial domain method based on binarized SRT data.,Pending,,Optional GPU,Include,Added as a graph-convolutional spatial domain method based on binarized SRT data.
Domain / Clustering,Spatial domain identification,stDyer,Dynamic graph embedding,"spatial expression, multi-omics, image, or neighborhood features for a tissue section","spatial domains, clusters, tissue regions, or embeddings supporting domain labels",domain/clustering methods partition tissue into spatially coherent regions or clusters; row subtask: Spatial domain identification,,stDyer enables spatial domain clustering with dynamic graph embedding,10.1186/s13059-025-03503-y,39980033,2025,Genome Biology,PubMed targeted journal sweep,2024-2025 high-priority journal sweep,Added as a dynamic graph embedding method for spatial domain clustering.,Pending,,Optional GPU,Include,Added as a dynamic graph embedding method for spatial domain clustering.
Domain / Clustering,Spatial domain identification,SpatialLeiden,Spatially aware Leiden clustering,"spatial expression, multi-omics, image, or neighborhood features for a tissue section","spatial domains, clusters, tissue regions, or embeddings supporting domain labels",domain/clustering methods partition tissue into spatially coherent regions or clusters; row subtask: Spatial domain identification,,SpatialLeiden: spatially aware Leiden clustering,10.1186/s13059-025-03489-7,39920839,2025,Genome Biology,PubMed targeted journal sweep,2024-2025 high-priority journal sweep,Added as a spatially aware Leiden clustering method.,Pending,,CPU,Include,Added as a spatially aware Leiden clustering method.
Domain / Clustering,Spatial domain identification,GraphPCA,Spatial graph dimension reduction,"spatial expression, multi-omics, image, or neighborhood features for a tissue section","spatial domains, clusters, tissue regions, or embeddings supporting domain labels",domain/clustering methods partition tissue into spatially coherent regions or clusters; row subtask: Spatial domain identification,,GraphPCA: a fast and interpretable dimension reduction algorithm for spatial transcriptomics data,10.1186/s13059-024-03429-x,39511664,2024,Genome Biology,PubMed targeted journal sweep,2024-2025 high-priority journal sweep,Added as an interpretable spatial dimension-reduction method for downstream domain analysis.,Pending,,CPU,Include,Added as an interpretable spatial dimension-reduction method for downstream domain analysis.
Domain / Clustering,Spatial domain identification,iIMPACT,Image-molecular profile integration,"spatial expression, multi-omics, image, or neighborhood features for a tissue section","spatial domains, clusters, tissue regions, or embeddings supporting domain labels",domain/clustering methods partition tissue into spatially coherent regions or clusters; row subtask: Spatial domain identification,,iIMPACT: integrating image and molecular profiles for spatial transcriptomics analysis,10.1186/s13059-024-03289-5,38844966,2024,Genome Biology,PubMed targeted journal sweep,2024-2025 high-priority journal sweep,Added as an image-plus-molecular clustering/domain method for spatial transcriptomics.,Pending,,Optional GPU,Include,Added as an image-plus-molecular clustering/domain method for spatial transcriptomics.
Domain / Clustering,Spatial domain identification,MNMST,Cell-network topology domain detection,"spatial expression, multi-omics, image, or neighborhood features for a tissue section","spatial domains, clusters, tissue regions, or embeddings supporting domain labels",domain/clustering methods partition tissue into spatially coherent regions or clusters; row subtask: Spatial domain identification,,MNMST: topology of cell networks leverages identification of spatial domains from spatial transcriptomics data,10.1186/s13059-024-03272-0,38783355,2024,Genome Biology,PubMed targeted journal sweep,2024-2025 high-priority journal sweep,Added as a topology-based method for spatial domain identification.,Pending,,CPU,Include,Added as a topology-based method for spatial domain identification.
Domain / Clustering,Multi-slice spatial domain analysis,SpaDo,Multi-slice spatial domain analysis,"spatial expression, multi-omics, image, or neighborhood features for a tissue section","spatial domains, clusters, tissue regions, or embeddings supporting domain labels",domain/clustering methods partition tissue into spatially coherent regions or clusters; row subtask: Multi-slice spatial domain analysis,,Multi-slice spatial transcriptome domain analysis with SpaDo,10.1186/s13059-024-03213-x,38504325,2024,Genome Biology,PubMed targeted journal sweep,2024-2025 high-priority journal sweep,Added as a multi-slice spatial domain analysis method.,Pending,,CPU,Include,Added as a multi-slice spatial domain analysis method.
Cell Type Inference,Cell state / type detection,DeepScence,Deep senescent-cell state detection,"spatial expression data with optional single-cell reference, image, or prior cell-type information","cell-type labels, proportions, probabilities, or spatial localization summaries",cell type inference estimates cellular identity or composition rather than changing the expression measurement itself; row subtask: Cell state / type detection,,Single-cell and spatial detection of senescent cells using DeepScence,10.1016/j.xgen.2025.101035,41061702,2025,Cell Genomics,PubMed targeted journal sweep,2024-2025 high-priority journal sweep,Added as a cell-state detection method validated on single-cell and spatial transcriptomics.,Pending,,Optional GPU,Include,Added as a cell-state detection method validated on single-cell and spatial transcriptomics.
Cell Type Inference,Cell type deconvolution,OmicsTweezer,Distribution-independent deconvolution,"spatial expression data with optional single-cell reference, image, or prior cell-type information","cell-type labels, proportions, probabilities, or spatial localization summaries",cell type inference estimates cellular identity or composition rather than changing the expression measurement itself; row subtask: Cell type deconvolution,,OmicsTweezer: A distribution-independent cell deconvolution model for multi-omics Data,10.1016/j.xgen.2025.100950,40675159,2025,Cell Genomics,PubMed targeted journal sweep,2024-2025 high-priority journal sweep,Added as a deconvolution framework with explicit spatial transcriptomics applicability.,Pending,,Optional GPU,Include,Added as a deconvolution framework with explicit spatial transcriptomics applicability.
Cell Type Inference,Cell type mapping / annotation,STAMapper,High-precision spatial cell-type mapping,"spatial expression data with optional single-cell reference, image, or prior cell-type information","cell-type labels, proportions, probabilities, or spatial localization summaries",cell type inference estimates cellular identity or composition rather than changing the expression measurement itself; row subtask: Cell type mapping / annotation,,High-precision cell-type mapping and annotation of single-cell spatial transcriptomics with STAMapper,10.1186/s13059-025-03773-6,41057862,2025,Genome Biology,PubMed targeted journal sweep,2024-2025 high-priority journal sweep,Added as a cell-type mapping and annotation method for single-cell spatial transcriptomics.,Pending,,CPU,Include,Added as a cell-type mapping and annotation method for single-cell spatial transcriptomics.
Cell Type Inference,Spot-level probabilistic cell typing,STHD,Probabilistic high-definition cell typing,"spatial expression data with optional single-cell reference, image, or prior cell-type information","cell-type labels, proportions, probabilities, or spatial localization summaries",cell type inference estimates cellular identity or composition rather than changing the expression measurement itself; row subtask: Spot-level probabilistic cell typing,,STHD: probabilistic cell typing of single spots in whole transcriptome spatial data with high definition,10.1186/s13059-025-03608-4,40682076,2025,Genome Biology,PubMed targeted journal sweep,2024-2025 high-priority journal sweep,Added as a probabilistic cell-typing method for whole-transcriptome spatial data.,Pending,,CPU,Include,Added as a probabilistic cell-typing method for whole-transcriptome spatial data.
Cell Type Inference,Spatial localization of scRNA-seq cells,STALocator,Spatial transcriptomics-aided localization,"spatial expression data with optional single-cell reference, image, or prior cell-type information","cell-type labels, proportions, probabilities, or spatial localization summaries",cell type inference estimates cellular identity or composition rather than changing the expression measurement itself; row subtask: Spatial localization of scRNA-seq cells,,Spatial transcriptomics-aided localization for single-cell transcriptomics with STALocator,10.1016/j.cels.2025.101195,39904340,2025,Cell Systems,PubMed targeted journal sweep,2024-2025 high-priority journal sweep,Added as a method for localizing single-cell transcriptomes into spatial transcriptomics context.,Pending,,CPU,Include,Added as a method for localizing single-cell transcriptomes into spatial transcriptomics context.
Cell Type Inference,Cell type deconvolution,gwSPADE,Reference-free spatial deconvolution,"spatial expression data with optional single-cell reference, image, or prior cell-type information","cell-type labels, proportions, probabilities, or spatial localization summaries",cell type inference estimates cellular identity or composition rather than changing the expression measurement itself; row subtask: Cell type deconvolution,,gwSPADE: gene frequency-weighted reference-free deconvolution in spatial transcriptomics,10.1093/nar/gkaf966,41002029,2025,Nucleic Acids Research,PubMed targeted journal sweep,2024-2025 high-priority journal sweep,Added as a reference-free spatial deconvolution method.,Pending,,CPU,Include,Added as a reference-free spatial deconvolution method.
Cell Type Inference,Cell type deconvolution,DECLUST,Cluster-based spatial deconvolution,"spatial expression data with optional single-cell reference, image, or prior cell-type information","cell-type labels, proportions, probabilities, or spatial localization summaries",cell type inference estimates cellular identity or composition rather than changing the expression measurement itself; row subtask: Cell type deconvolution,,A cluster-based cell-type deconvolution of spatial transcriptomic data,10.1093/nar/gkaf714,40705925,2025,Nucleic Acids Research,PubMed targeted journal sweep,2024-2025 high-priority journal sweep,Added as a cluster-based cell-type deconvolution method for spatial transcriptomic data.,Pending,,CPU,Include,Added as a cluster-based cell-type deconvolution method for spatial transcriptomic data.
Cell Type Inference,Cell type deconvolution,PANDA,Spot-adaptive probabilistic deconvolution,"spatial expression data with optional single-cell reference, image, or prior cell-type information","cell-type labels, proportions, probabilities, or spatial localization summaries",cell type inference estimates cellular identity or composition rather than changing the expression measurement itself; row subtask: Cell type deconvolution,,Dual decoding of cell types and gene expression in spatial transcriptomics with PANDA,10.1093/nar/gkae876,39404057,2024,Nucleic Acids Research,PubMed targeted journal sweep,2024-2025 high-priority journal sweep,Added as a deconvolution method jointly estimating cell-type proportions and cell-type-specific expression.,Pending,,CPU,Include,Added as a deconvolution method jointly estimating cell-type proportions and cell-type-specific expression.
Cell Type Inference,Cell type-specific expression deconvolution,STged,Graph-based gene-expression deconvolution,"spatial expression data with optional single-cell reference, image, or prior cell-type information","cell-type labels, proportions, probabilities, or spatial localization summaries",cell type inference estimates cellular identity or composition rather than changing the expression measurement itself; row subtask: Cell type-specific expression deconvolution,,Precise gene expression deconvolution in spatial transcriptomics with STged,10.1093/nar/gkaf087,39970279,2025,Nucleic Acids Research,PubMed targeted journal sweep,2024-2025 high-priority journal sweep,Added as a method for reconstructing cell-type-specific expression from mixed spatial spots.,Pending,,CPU,Include,Added as a method for reconstructing cell-type-specific expression from mixed spatial spots.
Cell-Cell Communication,Ligand-receptor communication inference,Scriabin,Single-cell-level CCC comparison,"spatial expression data with cell type, neighborhood, or ligand-receptor context","candidate spatial communication interactions, pathways, or interaction-effect scores",cell-cell communication infers spatial interaction hypotheses from expression and neighborhood context; row subtask: Ligand-receptor communication inference,,Comparative analysis of cell-cell communication at single-cell resolution,10.1038/s41587-023-01782-z,37169965,2024,Nature Biotechnology,PubMed targeted journal sweep,2024-2025 high-priority journal sweep,Added as a single-cell-level cell-cell communication framework with spatial transcriptomics use cases.,Pending,,CPU,Include,Added as a single-cell-level cell-cell communication framework with spatial transcriptomics use cases.
Cell-Cell Communication,Causal pathway-aware communication inference,CausalCCC,Causal intracellular-pathway CCC web server,"spatial expression data with cell type, neighborhood, or ligand-receptor context","candidate spatial communication interactions, pathways, or interaction-effect scores",cell-cell communication infers spatial interaction hypotheses from expression and neighborhood context; row subtask: Causal pathway-aware communication inference,,CausalCCC: a web server to explore intracellular causal pathways enabling cell-cell communication,10.1093/nar/gkaf404,40366019,2025,Nucleic Acids Research,PubMed targeted journal sweep,2024-2025 high-priority journal sweep,Added as a causal pathway-aware cell-cell communication method for single-cell or spatial transcriptomics.,Pending,,CPU,Include,Added as a causal pathway-aware cell-cell communication method for single-cell or spatial transcriptomics.
Integration,Multi-slice alignment / integration,STAIR,"Alignment, integration, and 3D reconstruction","multiple spatial slices, batches, modalities, or paired spatial and single-cell datasets","aligned embeddings, integrated representations, harmonized data, or multi-slice maps",integration aligns or harmonizes datasets/modalities for joint analysis; row subtask: Multi-slice alignment / integration,,"Spatial transcriptomic alignment, integration, and 3D reconstruction by STAIR",10.1186/s13059-025-03895-x,41398698,2025,Genome Biology,PubMed targeted journal sweep,2024-2025 high-priority journal sweep,"Added as an end-to-end alignment, integration, and 3D reconstruction method for spatial transcriptomics.",Pending,,Optional GPU,Include,"Added as an end-to-end alignment, integration, and 3D reconstruction method for spatial transcriptomics."
Integration,Multi-slice alignment / integration,MaskGraphene,Masked self-supervised spatial integration,"multiple spatial slices, batches, modalities, or paired spatial and single-cell datasets","aligned embeddings, integrated representations, harmonized data, or multi-slice maps",integration aligns or harmonizes datasets/modalities for joint analysis; row subtask: Multi-slice alignment / integration,,"MaskGraphene: an advanced framework for interpretable joint representation for multi-slice, multi-condition spatial transcriptomics",10.1186/s13059-025-03850-w,41194133,2025,Genome Biology,PubMed targeted journal sweep,2024-2025 high-priority journal sweep,Added as a masked self-supervised graph method for multi-slice and multi-condition integration.,Pending,,Optional GPU,Include,Added as a masked self-supervised graph method for multi-slice and multi-condition integration.
Integration,Cross-slice / cross-sample spatial integration,spCLUE,Contrastive unified spatial integration,"multiple spatial slices, batches, modalities, or paired spatial and single-cell datasets","aligned embeddings, integrated representations, harmonized data, or multi-slice maps",integration aligns or harmonizes datasets/modalities for joint analysis; row subtask: Cross-slice / cross-sample spatial integration,,spCLUE: a contrastive learning approach to unified spatial transcriptomics analysis across single-slice and multi-slice data,10.1186/s13059-025-03636-0,40551235,2025,Genome Biology,PubMed targeted journal sweep,2024-2025 high-priority journal sweep,Added as a contrastive learning method for unified single-slice and multi-slice spatial transcriptomics analysis.,Pending,,Optional GPU,Include,Added as a contrastive learning method for unified single-slice and multi-slice spatial transcriptomics analysis.
Integration,2D/3D multi-slice integration,VR-Omics,Automated 2D/3D multi-slice integration,"multiple spatial slices, batches, modalities, or paired spatial and single-cell datasets","aligned embeddings, integrated representations, harmonized data, or multi-slice maps",integration aligns or harmonizes datasets/modalities for joint analysis; row subtask: 2D/3D multi-slice integration,,Automated integration of multi-slice spatial transcriptomics data in 2D and 3D using VR-Omics,10.1186/s13059-025-03630-6,40598307,2025,Genome Biology,PubMed targeted journal sweep,2024-2025 high-priority journal sweep,Added as an automated 2D/3D multi-slice spatial transcriptomics integration method.,Pending,,Optional GPU,Include,Added as an automated 2D/3D multi-slice spatial transcriptomics integration method.
Integration,Multimodal spatial omics integration,MISO,Multimodal spatial omics modeling,"multiple spatial slices, batches, modalities, or paired spatial and single-cell datasets","aligned embeddings, integrated representations, harmonized data, or multi-slice maps",integration aligns or harmonizes datasets/modalities for joint analysis; row subtask: Multimodal spatial omics integration,,Resolving tissue complexity by multimodal spatial omics modeling with MISO,10.1038/s41592-024-02574-2,39815104,2025,Nature Methods,PubMed targeted journal sweep,2024-2025 high-priority journal sweep,Added as a multimodal spatial omics modeling method for tissue complexity.,Pending,,Optional GPU,Include,Added as a multimodal spatial omics modeling method for tissue complexity.
Integration,Batch correction / cross-sample harmonization,Crescendo,Batch correction for single-cell spatial transcriptomics,"multiple spatial slices, batches, modalities, or paired spatial and single-cell datasets","aligned embeddings, integrated representations, harmonized data, or multi-slice maps",integration aligns or harmonizes datasets/modalities for joint analysis; row subtask: Batch correction / cross-sample harmonization,,Batch correcting single-cell spatial transcriptomics count data with Crescendo improves visualization and detection of spatial gene patterns,10.1186/s13059-025-03479-9,40001084,2025,Genome Biology,PubMed targeted journal sweep,2024-2025 high-priority journal sweep,Added as a batch-correction method for single-cell spatial transcriptomics count data.,Pending,,CPU,Include,Added as a batch-correction method for single-cell spatial transcriptomics count data.
Gene Expression Prediction / Imputation,Histology-to-expression prediction,FmH2ST,Foundation model histology-to-ST generation,histology images and foundation-model visual features,generated or predicted spatial transcriptomics expression,foundation-model histology-to-expression generation predicts spatial expression values,,FmH2ST: foundation model-based spatial transcriptomics generation from histological images,10.1093/nar/gkaf865,40923764,2025,Nucleic Acids Research,PubMed targeted journal sweep,2024-2025 high-priority journal sweep,Added as a foundation model-based method for spatial expression prediction from histology.,Pending,,Optional GPU,Include,Added as a foundation model-based method for spatial expression prediction from histology.
Gene Expression Prediction / Imputation,Missing gene imputation / annotation,stAI,Deep missing-gene imputation and annotation,single-cell spatial transcriptomics with missing genes and annotation context,imputed missing genes and cell-type annotations,deep model imputes missing gene expression values and supports annotation,,stAI: a deep learning-based model for missing gene imputation and cell-type annotation of spatial transcriptomics,10.1093/nar/gkaf158,40057378,2025,Nucleic Acids Research,PubMed targeted journal sweep,2024-2025 high-priority journal sweep,Added as a missing gene imputation and annotation method for single-cell spatial transcriptomics.,Yes,https://github.com/gszou99/stAI,Optional GPU,Include,Added as a missing gene imputation and annotation method for single-cell spatial transcriptomics. Code link filled by targeted metadata/code check; no runtime support implied.
Gene Expression Prediction / Imputation,Histology-to-expression prediction,OmiCLIP,Visual-omics foundation model,histopathology images with visual-omics representation learning context,predicted or aligned spatial omics/expression representation,visual-omics model bridges histopathology to spatial expression/omics prediction,,A visual-omics foundation model to bridge histopathology with spatial transcriptomics,10.1038/s41592-025-02707-1,40442373,2025,Nature Methods,PubMed targeted journal sweep,2024-2025 high-priority journal sweep,Added as a visual-omics foundation model linking histopathology and spatial transcriptomics.,Yes,https://github.com/GuangyuWangLab2021/Loki,Optional GPU,Include,Added as a visual-omics foundation model linking histopathology and spatial transcriptomics. Loki/OmiCLIP platform code link filled by targeted metadata/code check; no runtime support implied.
Super-resolution,Resolution enhancement of spot-based spatial transcriptomics,iSCALE,Large-area super-resolution reconstruction,large-area target-sample spatial transcriptomics with tissue architecture context,cellular-level inferred tissue architecture and reconstructed expression map,measured spatial data anchor large-area cellular-level reconstruction,,Scaling up spatial transcriptomics for large-sized tissues: uncovering cellular-level tissue architecture beyond conventional platforms with iSCALE,10.1038/s41592-025-02770-8,40954300,2025,Nature Methods,PubMed targeted journal sweep,2024-2025 high-priority journal sweep,Added as a method for large-scale super-resolution gene-expression reconstruction.,Yes,https://github.com/amesch441/iSCALE,Optional GPU,Include,"Added as a method for large-scale super-resolution gene-expression reconstruction. Code trace filled by 2026-05-04 targeted metadata/code check; no Layer 3 runtime, callable, adapter, or environment support implied."
Super-resolution,Resolution enhancement of spot-based spatial transcriptomics,STAGE,High-density ST generation,sparse target-sample spatial transcriptomics inputs,generated high-density spatial transcriptomics profiles,sparse measured spatial signal anchors high-density inferred reconstruction,,High-density generation of spatial transcriptomics with STAGE,10.1093/nar/gkae294,38647109,2024,Nucleic Acids Research,PubMed targeted journal sweep,2024-2025 high-priority journal sweep,Added as a method for generating high-density spatial transcriptomics from sparse inputs.,Yes,https://github.com/zhanglabtools/STAGE,Optional GPU,Include,"Added as a method for generating high-density spatial transcriptomics from sparse inputs. Code trace filled by 2026-05-04 targeted metadata/code check; no Layer 3 runtime, callable, adapter, or environment support implied."
Super-resolution,Histology-aware cell-level reconstruction / investigation,Thor,Histology-aware cell-level reconstruction platform,target-sample spatial transcriptomics with matched histology,histology-aware cell-level spatial transcriptomics representation,"measured ST and histology anchor cell-level inferred reconstruction, not direct molecule measurement",Python / deep learning,Thor: a platform for cell-level investigation of spatial transcriptomics and histology,10.1038/s41467-025-62593-1,40764306,2025,Nature Communications,Targeted literature check,2026-05-04 Super-resolution targeted revision,Added as a histology-aware cell-level ST and histology platform boundary row for Super-resolution.,Yes,https://github.com/GuangyuWangLab2021/Thor,Optional GPU,Include,"Added by 2026-05-04 Super-resolution targeted revision. Cell-level outputs are inferred and platform-context dependent, not direct molecule-level measurements or segmentation/type ground truth. Code trace is metadata only; no Layer 3 runtime, callable, adapter, or environment support implied."
Segmentation,Transcript spot detection,Spotiflow,Deep fluorescence spot detection,"histology, microscopy, molecule coordinates, or subcellular transcript signals","cell/nucleus boundaries, segmented objects, or transcript-to-cell assignments",segmentation identifies physical cell or transcript objects rather than expression prediction as the endpoint; row subtask: Transcript spot detection,,Spotiflow: accurate and efficient spot detection for fluorescence microscopy with deep stereographic flow regression,10.1038/s41592-025-02662-x,40481364,2025,Nature Methods,PubMed targeted journal sweep,2024-2025 high-priority journal sweep,Added as a spot-detection method for imaging-based spatial transcriptomics.,Yes,https://github.com/weigertlab/spotiflow,Optional GPU,Include,"Added as a spot-detection method for imaging-based spatial transcriptomics. Code/access trace is metadata only; no Layer 3 runtime, callable, adapter, or environment support implied."
Segmentation,Transcript spot detection,Piscis,Deep fluorescence spot detection,"histology, microscopy, molecule coordinates, or subcellular transcript signals","cell/nucleus boundaries, segmented objects, or transcript-to-cell assignments",segmentation identifies physical cell or transcript objects rather than expression prediction as the endpoint; row subtask: Transcript spot detection,,Piscis: A loss estimator of the F1 score enables accurate spot detection in fluorescence microscopy images via deep learning,10.1016/j.cels.2025.101448,41265398,2025,Cell Systems,PubMed targeted journal sweep,2024-2025 high-priority journal sweep,Added as a deep-learning spot detection method relevant to imaging-based spatial transcriptomics.,Yes,https://github.com/zjniu/Piscis,Optional GPU,Include,"Added as a deep-learning spot detection method relevant to imaging-based spatial transcriptomics. Code/access trace is metadata only; no Layer 3 runtime, callable, adapter, or environment support implied."
Segmentation,Cell segmentation / transcript assignment,CelloType,Joint segmentation and classification,"histology, microscopy, molecule coordinates, or subcellular transcript signals","cell/nucleus boundaries, segmented objects, or transcript-to-cell assignments",segmentation identifies physical cell or transcript objects rather than expression prediction as the endpoint; row subtask: Cell segmentation / transcript assignment,,CelloType: a unified model for segmentation and classification of tissue images,10.1038/s41592-024-02513-1,39578628,2025,Nature Methods,PubMed targeted journal sweep,2024-2025 high-priority journal sweep,Added as a unified model for segmentation and classification in spatial omics images.,Yes,https://github.com/tanlabcode/CelloType,Optional GPU,Include,"Added as a unified model for segmentation and classification in spatial omics images. Code/access trace is metadata only; no Layer 3 runtime, callable, adapter, or environment support implied."
Phenotype- / Cohort-linked Spatial Feature and Niche Analysis,Cohort motif / representation association,TissueMosaic,Self-supervised differential spatial transcriptomics,multi-sample ST or spatial single-cell datasets + coordinates and optional image-like or cell-type channels,"self-supervised tissue representations, motif enrichment, and motif-associated differential features","phenotype-/cohort-linked spatial feature and niche analysis requires phenotype, cohort, disease-control, clinical outcome, or bulk-linked signal and returns phenotype-associated spatial features, cohort motifs, pathology scores, or clinical niches; row subtask: Cohort motif / representation association",,TissueMosaic: Self-supervised learning of tissue representations enables differential spatial transcriptomics across samples,10.1016/j.cels.2025.101394,40925368,2025,Cell Systems,PubMed targeted journal sweep,2024-2025 high-priority journal sweep,Added as a self-supervised method for differential spatial transcriptomics across samples.,Pending,,Optional GPU,Include,Added as a self-supervised method for differential spatial transcriptomics across samples. Layer 1 placement updated by 2026-05-04 Comparative Analysis split; code/access trace is metadata only and no Layer 3/4 execution support is implied.
Phenotype- / Cohort-linked Spatial Feature and Niche Analysis,Bulk-linked phenotype spatial feature association,SpaLinker,Bulk-spatial phenotype linking,ST data + spatial features + bulk RNA-seq cohort profiles with clinical phenotype annotations,"phenotype-associated spatial TME features, factors, and linked architectures","phenotype-/cohort-linked spatial feature and niche analysis requires phenotype, cohort, disease-control, clinical outcome, or bulk-linked signal and returns phenotype-associated spatial features, cohort motifs, pathology scores, or clinical niches; row subtask: Bulk-linked phenotype spatial feature association",,SpaLinker identifies phenotype-associated spatial tumor microenvironment features by integrating bulk and spatial sequencing data,10.1016/j.xgen.2025.100893,40480216,2025,Cell Genomics,PubMed targeted journal sweep,2024-2025 high-priority journal sweep,Added as a method for linking spatial TME features to clinical phenotypes through bulk and spatial data integration.,Pending,,Optional GPU,Include,Added as a method for linking spatial TME features to clinical phenotypes through bulk and spatial data integration. Layer 1 placement updated by 2026-05-04 Comparative Analysis split; code/access trace is metadata only and no Layer 3/4 execution support is implied.
Phenotype- / Cohort-linked Spatial Feature and Niche Analysis,Clinical phenotype-linked niche prioritization,TiRank,Clinical phenotype transfer / niche prioritization,bulk RNA-seq expression with clinical or phenotype table plus scRNA-seq or spatial transcriptomics inference data,"TiRank scores and labels for phenotype-associated cells, spots, or spatial niches","phenotype-/cohort-linked spatial feature and niche analysis uses bulk clinical phenotype signal plus scRNA-seq/ST inference data to prioritize phenotype-associated cells, spots, and spatial niches; row subtask: Clinical phenotype-linked niche prioritization",Python,TiRank prioritizes phenotypic niches in tumor microenvironment for clinical biomarker discovery,10.1186/s13073-026-01604-2,41689080,2026,Genome Medicine,Comparative split targeted DOI check,2026-05-04 user-prioritized comparative split; subagent evidence review,Added after targeted DOI/PubMed/code check confirmed a peer-reviewed method for phenotype-associated spatial niche prioritization with public code and documentation.,Yes,https://github.com/LenisLin/TiRank,Optional GPU,Include,"Code/access trace is metadata only; no Layer 3 runtime, machine-call, backend binding, or execution-environment support is implied. Outputs are phenotype associations, not causal proof."
Phenotype- / Cohort-linked Spatial Feature and Niche Analysis,Multi-slice phenotype-linked niche discovery,stClinic,Dynamic-graph multi-slice niche discovery,"multi-slice spatial omics profiles, spatial coordinates, and optional clinical or phenotype labels","clinically or phenotypically linked niche structures, niche weights, prediction scores, and interpreted high-risk or phenotype-associated niches",phenotype-/cohort-linked spatial feature and niche analysis uses multi-slice spatial omics plus phenotype labels to identify clinically relevant niches and phenotype-linked niche weights; row subtask: Multi-slice phenotype-linked niche discovery,Python,stClinic dissects clinically relevant niches by integrating spatial multi-slice multi-omics data in dynamic graphs,10.1038/s41467-025-60575-x,40523901,2025,Nature Communications,Comparative split targeted DOI check,2026-05-04 user-prioritized comparative split; subagent evidence review,Added after targeted DOI/PubMed/code check confirmed a peer-reviewed phenotype-linked spatial multi-slice niche method with public GitHub and Zenodo traces.,Yes,https://github.com/cmzuo11/stClinic,Optional GPU,Include,"Code/access trace is metadata only; no Layer 3 runtime, machine-call, backend binding, or execution-environment support is implied. Phenotype-linked niches require leakage and cohort-confounding review."
Phenotype- / Cohort-linked Spatial Feature and Niche Analysis,Cohort-linked tissue cellular neighborhood features,CytoCommunity,Supervised tissue cellular neighborhood discovery,"spatial cell phenotypes or spatial expression with coordinates, neighborhood graph, and cohort/condition/phenotype labels","cohort- or phenotype-associated tissue cellular neighborhoods, community features, and niche summaries",phenotype-/cohort-linked spatial feature and niche analysis can use supervised or condition-associated cellular neighborhood discovery when the deliverable is cohort-associated niche/community features; controlled duplicate of Graph / Neighborhood row,,Unsupervised and supervised discovery of tissue cellular neighborhoods from cell phenotypes,10.1038/s41592-023-02124-2,38191930,2024,Nature Methods,Comparative split boundary decision,2026-05-05 human Layer 1/2 boundary review,Added as a controlled duplicate because supervised or condition-associated tissue cellular neighborhood discovery can serve cohort-linked niche/community feature analysis; the primary generic neighborhood row remains under Graph / Neighborhood.,Pending,,Optional GPU,Include,"Controlled duplicate of the Graph / Neighborhood CytoCommunity row for cohort-linked tissue cellular neighborhood feature analysis. Code/access trace is metadata only; no Layer 3 runtime, callable, adapter, backend binding, or execution-environment support is implied."
Spatial Contrast Testing,Registered spatial pattern map testing,SpatialSPM,Statistical parametric mapping for ST,multiple ST datasets + expression matrices + spatial coordinates + anatomical or template registration workflow,"registered expression images, statistical parametric maps, T-scores, and correlation maps","spatial contrast testing requires an explicit condition/group/covariate, matched-tissue, or registered-template contrast and returns DE genes, effect estimates, differentially patterned genes, or statistical maps; row subtask: Registered spatial pattern map testing",,SpatialSPM: statistical parametric mapping for the comparison of gene expression pattern images in multiple spatial transcriptomic datasets,10.1093/nar/gkae293,38676948,2024,Nucleic Acids Research,PubMed targeted journal sweep,2024-2025 high-priority journal sweep,Added as a method for comparing spatial gene-expression pattern images across ST datasets.,Pending,,CPU,Include,Added as a method for comparing spatial gene-expression pattern images across ST datasets. Layer 1 placement updated by 2026-05-04 Comparative Analysis split; code/access trace is metadata only and no Layer 3/4 execution support is implied.
Program Discovery,Spatial regulatory program discovery,SpaGRN,Spatial regulatory path inference,"spatial expression, topics, genes, networks, or factorization inputs","gene programs, topics, factors, modules, or regulatory/co-expression programs",program discovery extracts latent or interpretable gene/program structure from spatial data; row subtask: Spatial regulatory program discovery,,SpaGRN: Investigating spatially informed regulatory paths for spatially resolved transcriptomics data,10.1016/j.cels.2025.101243,40179878,2025,Cell Systems,PubMed targeted journal sweep,2024-2025 high-priority journal sweep,Added as a method for spatially informed regulatory path and regulon inference.,Pending,,CPU,Include,Added as a method for spatially informed regulatory path and regulon inference.
Program Discovery,Tissue module discovery,SPACE,Interaction-aware tissue module discovery,"spatial expression, topics, genes, networks, or factorization inputs","gene programs, topics, factors, modules, or regulatory/co-expression programs",program discovery extracts latent or interpretable gene/program structure from spatial data; row subtask: Tissue module discovery,,Tissue module discovery in single-cell-resolution spatial transcriptomics data via cell-cell interaction-aware cell embedding,10.1016/j.cels.2024.05.001,38823396,2024,Cell Systems,PubMed targeted journal sweep,2024-2025 high-priority journal sweep,Added as a tissue-module discovery method from single-cell-resolution spatial transcriptomics.,Pending,,Optional GPU,Include,Official method name collides with other SPACE-like methods; this row refers to the Cell Systems 2024 tissue-module method.
Program Discovery,Spatial co-expression program discovery,spMOCA,Spatial matrix-normal co-expression,"spatial expression, topics, genes, networks, or factorization inputs","gene programs, topics, factors, modules, or regulatory/co-expression programs",program discovery extracts latent or interpretable gene/program structure from spatial data; row subtask: Spatial co-expression program discovery,,A spatially informed matrix normal model for gene co-expression analysis in spatial transcriptomics studies,10.1093/nar/gkaf1264,41370198,2025,Nucleic Acids Research,PubMed targeted journal sweep,2024-2025 high-priority journal sweep,Added as a spatially informed co-expression analysis method for gene program/network discovery.,Pending,,CPU,Include,Added as a spatially informed co-expression analysis method for gene program/network discovery.
Program Discovery,Spatial gradient / interpretable program discovery,LSGI,Interpretable spatial gradient analysis,"spatial expression, topics, genes, networks, or factorization inputs","gene programs, topics, factors, modules, or regulatory/co-expression programs",program discovery extracts latent or interpretable gene/program structure from spatial data; row subtask: Spatial gradient / interpretable program discovery,,LSGI: interpretable spatial gradient analysis for spatial transcriptomics data,10.1186/s13059-025-03716-1,40781324,2025,Genome Biology,PubMed targeted journal sweep,2024-2025 high-priority journal sweep,Added as an interpretable spatial gradient analysis method for spatial program/pattern discovery.,Pending,,CPU,Include,Added as an interpretable spatial gradient analysis method for spatial program/pattern discovery.
Spatial Trajectory Analysis,Spatial RNA velocity inference,TopoVelo,Topological velocity inference,"spatial expression with velocity, temporal, lineage, or ordered-state cues","spatial trajectories, pseudotime, velocity fields, or spatiotemporal structure",spatial trajectory analysis infers ordered state transitions or dynamics in tissue context; row subtask: Spatial RNA velocity inference,,Topological velocity inference from spatial transcriptomic data,10.1038/s41587-025-02688-8,40670711,2025,Nature Biotechnology,PubMed targeted journal sweep,2024-2025 high-priority journal sweep,Added as a spatial RNA-velocity method for cell fate transition inference.,Pending,,Optional GPU,Include,"Added as a spatial RNA-velocity method for cell fate transition inference. Trajectory, velocity, pseudotime, fate, and causal outputs are model-based interpretations, not lineage tracing, migration proof, real time, or experimental causality. Code/access trace is metadata only; no Layer 3 runtime, callable, adapter, or environment support implied."
Spatial Trajectory Analysis,Spatial causal trajectory inference,CASCAT,Tree-shaped structural causal trajectory model,"spatial expression with velocity, temporal, lineage, or ordered-state cues","spatial trajectories, pseudotime, velocity fields, or spatiotemporal structure",spatial trajectory analysis infers ordered state transitions or dynamics in tissue context; row subtask: Spatial causal trajectory inference,,Inferring causal trajectories from spatial transcriptomics using CASCAT,10.1093/nar/gkaf791,40829806,2025,Nucleic Acids Research,PubMed targeted journal sweep,2024-2025 high-priority journal sweep,Added as a causal spatial trajectory inference method.,Pending,,Optional GPU,Include,"Added as a causal spatial trajectory inference method. Trajectory, velocity, pseudotime, fate, and causal outputs are model-based interpretations, not lineage tracing, migration proof, real time, or experimental causality. Code/access trace is metadata only; no Layer 3 runtime, callable, adapter, or environment support implied."
Spatial Trajectory Analysis,Spatial fate-landscape / trajectory inference,STORIES,Optimal-transport fate-landscape learning,spatial transcriptomics expression with spatial coordinates and cell-state context,"cell fate landscape, transition structure, and spatial trajectory interpretation",spatial trajectory analysis infers ordered state transitions or dynamics in tissue context; row subtask: Spatial fate-landscape / trajectory inference,Python,STORIES: learning cell fate landscapes from spatial transcriptomics using optimal transport,10.1038/s41592-025-02855-4,41184554,2026,Nature Methods,Targeted trajectory reconciliation,2026-05-06 PubMed ESummary and code trace check,"Added to align Layer1 with accepted 9-row Spatial Trajectory Analysis Layer2 freeze; PubMed verifies title, PMID, DOI, and Nature Methods identity.",Yes,https://github.com/cantinilab/stories,CPU,Include,"Fate landscapes and directionality are model-based interpretations; not lineage tracing, migration proof, or experimental causality. Code/access trace is metadata only; no Layer 3 runtime, callable, adapter, or environment support implied."
Spatial Trajectory Analysis,Spatiotemporal single-cell dynamics / trajectory inference,stVCR,Spatiotemporal single-cell dynamics modeling,spatial transcriptomics data with single-cell state information and temporal or progression context,"spatiotemporal cell-state dynamics, trajectory or pseudotime-style summaries, and dynamic interpretation cues",spatial trajectory analysis infers ordered state transitions or dynamics in tissue context; row subtask: Spatiotemporal single-cell dynamics / trajectory inference,Python,stVCR: spatiotemporal dynamics of single cells,10.1038/s41592-026-03010-3,41820580,2026,Nature Methods,Targeted trajectory reconciliation,2026-05-06 PubMed ESummary and code trace check,"Added to align Layer1 with accepted 9-row Spatial Trajectory Analysis Layer2 freeze; PubMed verifies title, PMID, DOI, and Nature Methods identity.",Yes,https://github.com/QiangweiPeng/stVCR,Optional GPU,Include,"Spatiotemporal dynamics are model-based summaries; sampling design, temporal alignment, and state-definition choices can drive apparent dynamics. Code/access trace is metadata only; no Layer 3 runtime, callable, adapter, or environment support implied."
Spatially Variable Gene Detection,Overall SVG detection,spVC,Spatial variation coefficient,spatial expression matrix with coordinates and optional cell-type or covariate context,"spatially variable genes, spatial gene patterns, or SVG clusters",SVG detection identifies genes with spatially patterned expression; row subtask: Overall SVG detection,,spVC for the detection and interpretation of spatial gene expression variation,10.1186/s13059-024-03245-3,38641849,2024,Genome Biology,PubMed targeted journal sweep,2024-2025 high-priority journal sweep,Added as a method for detecting and interpreting spatial gene expression variation.,Pending,,CPU,Include,Added as a method for detecting and interpreting spatial gene expression variation.
Spatially Variable Gene Detection,Cell-type-conditional SVG detection,InSituCor,Conditional spatial correlation,spatial expression matrix with coordinates and optional cell-type or covariate context,"spatially variable genes, spatial gene patterns, or SVG clusters",SVG detection identifies genes with spatially patterned expression; row subtask: Cell-type-conditional SVG detection,,InSituCor: exploring spatially correlated genes conditional on the cell type landscape,10.1186/s13059-025-03554-1,40275395,2025,Genome Biology,PubMed targeted journal sweep,2024-2025 high-priority journal sweep,Added as a cell-type-landscape-conditional spatial correlated-gene method.,Pending,,CPU,Include,Added as a cell-type-landscape-conditional spatial correlated-gene method.
Spatially Variable Gene Detection,SVG clustering / feature selection,SPACE-SVG,Cell-type-adjusted SVG clustering,spatial expression matrix with coordinates and optional cell-type or covariate context,"spatially variable genes, spatial gene patterns, or SVG clusters",SVG detection identifies genes with spatially patterned expression; row subtask: SVG clustering / feature selection,,SPACE: Spatially variable gene clustering adjusting for cell type effect for improved spatial domain detection,10.1093/nar/gkaf936,40985765,2025,Nucleic Acids Research,PubMed targeted journal sweep,2024-2025 high-priority journal sweep,Added as a cell-type-adjusted SVG clustering method; method name disambiguated in the registry to avoid collision with Cell Systems SPACE.,Pending,,CPU,Include,Official paper uses SPACE; registry label uses SPACE-SVG to disambiguate from the Cell Systems SPACE tissue-module method.
Panel Design,Spatial gene-panel design,scGIST,Spatial gene-panel design,"single-cell expression data, cell labels or cell-type structure, prioritized gene sets, and target panel size",selected gene panel for targeted spatial transcriptomics assays,panel design selects targeted gene or probe panels before spatial measurement; row subtask: Spatial gene-panel design,,scGIST: gene panel design for spatial transcriptomics with prioritized gene sets,10.1186/s13059-024-03185-y,38408997,2024,Genome Biology,PubMed targeted journal sweep,2024-2025 high-priority journal sweep,Added as a feature/gene-panel selection method for targeted spatial transcriptomics.,Yes,https://github.com/yafi38/scGIST,CPU,Include,"Moved from the former combined Normalization / Feature Selection topic into Panel Design; reference, label, tissue-transfer, prioritized-gene-set, and panel-size assumptions require review. Code/access trace is metadata only; no Layer 3 runtime, callable, adapter, or environment support implied."
Panel Design,Spatial gene-panel selection,gpsFISH,Gene panel selection for targeted spatial transcriptomics,"single-cell or spatial reference expression data, candidate genes, and targeted spatial assay constraints",selected gene panel for targeted spatial transcriptomics assays,panel design selects targeted gene or probe panels before spatial measurement; row subtask: Spatial gene-panel selection,R / Python,Gene panel selection for targeted spatial transcriptomics,10.1186/s13059-024-03174-1,38273415,2024,Genome Biology,Targeted panel-design search,2026-05-06 PubMed ESummary and code trace check,Direct targeted spatial transcriptomics gene-panel selection method; PubMed verifies PMID/DOI/title and Genome Biology identity.,Yes,https://github.com/kharchenkolab/gpsFISH,CPU,Include,"Pre-assay panel-design row; selected genes are assay-design choices, not SVG calls or normalization results. Code/access trace is metadata only; no Layer 3 runtime, callable, adapter, or environment support implied."
Panel Design,Spatial probe-set selection,Spapros,Probe set selection for targeted spatial transcriptomics,"single-cell or spatial reference data, marker constraints, target cell types, and panel-size constraints",selected probe set or gene panel for targeted spatial transcriptomics assays,panel design selects targeted gene or probe panels before spatial measurement; row subtask: Spatial probe-set selection,Python,Probe set selection for targeted spatial transcriptomics,10.1038/s41592-024-02496-z,39558096,2024,Nature Methods,Targeted panel-design search,2026-05-06 PubMed ESummary and code trace check,Direct targeted spatial transcriptomics probe-set selection method; PubMed verifies PMID/DOI/title and Nature Methods identity.,Yes,https://github.com/theislab/spapros,CPU,Include,"Pre-assay probe/panel-design row; reference and tissue-transfer assumptions should be reviewed before assay use. Code/access trace is metadata only; no Layer 3 runtime, callable, adapter, or environment support implied."
Panel Design,Predictive robust gene-panel selection,PERSIST,Predictive and robust gene selection,training expression data and spatial transcriptomics prediction or selection objective,small predictive gene panel for spatial transcriptomics,panel design selects targeted gene or probe panels before spatial measurement; row subtask: Predictive robust gene-panel selection,Python,Predictive and robust gene selection for spatial transcriptomics,10.1038/s41467-023-37392-1,37045821,2023,Nature Communications,Targeted panel-design search,2026-05-06 PubMed ESummary and code trace check,Direct spatial transcriptomics gene-selection method; PubMed verifies PMID/DOI/title and Nature Communications identity.,Yes,https://github.com/iancovert/persist,CPU,Include,"Prediction is an internal selection objective; the reusable deliverable is a compact gene panel, not expression prediction output. Code/access trace is metadata only; no Layer 3 runtime, callable, adapter, or environment support implied."
Panel Design,Optimal spatial gene-panel selection,ReconST,Optimal gene panel selection for targeted spatial transcriptomics,reference expression data and target spatial transcriptomics experiment constraints,selected gene panel for targeted spatial transcriptomics experiments,panel design selects targeted gene or probe panels before spatial measurement; row subtask: Optimal spatial gene-panel selection,Unclear,Optimal Gene Panel Selection for Targeted Spatial Transcriptomics Experiments,10.1101/2025.10.08.681071,41279853,2025,bioRxiv,Targeted panel-design search,2026-05-06 PubMed ESummary and targeted web check,PubMed-indexed bioRxiv preprint with direct targeted spatial transcriptomics panel-selection title; code trace remains unclear in this pass.,Pending,,CPU,Include,"Preprint/watchlist positive row; keep evidence provenance and code-unclear caveats visible before formal rendering. Reconstruction or spatial-pattern language is a panel-evaluation objective, not spatial location reconstruction, expression-map reconstruction, super-resolution, or gene-expression prediction output. Code/access trace is metadata only; no Layer 3 runtime, callable, adapter, or environment support implied."
Graph / Neighborhood,Spatial niche / colocalization analysis,SpaNiche,Spatial niche colocalization and interaction-pattern analysis,"spatial omics data with cell or spot features, spatial coordinates, and optional cell-type or phenotype annotations","spatial niche labels or patterns, colocalization summaries, and interaction-context features","graph/neighborhood analysis covers spatial niches, colocalization patterns, microenvironment context, motifs, and spatial-context representations",,SpaNiche: spatial niche analysis to explore colocalization patterns and cellular interactions in spatial transcriptomics data,10.1186/s13059-026-04069-z,,2026,Genome Biology,Layer1/Layer2 reconciliation backfill,2026-05-06 reconciliation from confirmed Graph / Neighborhood Layer2 package,"Backfilled from confirmed Layer2 targeted correction; DOI/publisher evidence verifies method identity and public code trace; interaction wording is descriptive, not causal or physical CCC proof.",Yes,https://github.com/SiyuanHuang1/SpaNiche,CPU,Include,"Layer 1 evidence inclusion only; Graph placement follows niche and colocalization endpoints. Code/access trace is metadata only; no Layer 3 runtime, callable, adapter, or environment support implied."
Graph / Neighborhood,Multicellular motif discovery,SpatialQuery,Multicellular motif discovery and molecular characterization,"spatial omics data with cell or spot identities, molecular features, and spatial neighborhood structure",multicellular motif signatures and motif-associated molecular characterization,"graph/neighborhood analysis covers spatial motifs, multicellular motif discovery, neighborhood structure, and molecular characterization of spatial-context patterns",,SpatialQuery: scalable discovery and molecular characterization of multicellular motifs from spatial omics data,10.64898/2026.04.22.720136v1,,2026,bioRxiv,Layer1/Layer2 reconciliation backfill,2026-05-06 reconciliation from confirmed Graph / Neighborhood Layer2 package,Backfilled from confirmed Layer2 targeted correction; preprint DOI and public code trace support method identity; preprint-only status must remain visible.,Yes,https://github.com/ShaokunAn/Spatial-Query,unclear,Include,"Layer 1 evidence inclusion only; Graph placement follows multicellular motif endpoint. Preprint-only evidence; no Layer 3 runtime, callable, adapter, or environment support implied."
Integration,Mosaic spatial multi-omics integration,SpaMosaic,Mosaic spatial multi-omics integration,spatial multi-omics datasets with partially observed modalities across samples or tissue sections,integrated spatial multi-omics representation and modality-completion or harmonized feature outputs,"integration combines spatial omics datasets across modalities, samples, batches, sections, or coordinate systems; row subtask: mosaic spatial multi-omics integration",,Mosaic integration of spatial multi-omics with SpaMosaic,10.1038/s41588-026-02573-3,42032296,2026,Nature Genetics,Layer1/Layer2 reconciliation backfill,2026-05-06 reconciliation from confirmed Integration Layer2 targeted correction,Backfilled from confirmed Layer2 targeted correction; PubMed/DOI evidence verifies method identity and public code trace.,Yes,https://github.com/JinmiaoChenLab/SpaMosaic,Optional GPU,Include,"Layer 1 evidence inclusion only; modality-completion and mosaic-integration claims require modality imbalance and imputation-bias caveats. No Layer 3 runtime, callable, adapter, or environment support implied."
Integration,Interpretable spatially aware multi-dataset integration,INSPIRE,Interpretable spatially aware multi-dataset integration,multiple spatial transcriptomics datasets from diverse sources with expression and spatial context,integrated representation and interpretable spatial factors or components for cross-dataset comparison,"integration combines spatial omics datasets across modalities, samples, batches, sections, or coordinate systems; row subtask: interpretable spatially aware multi-dataset integration",,"Interpretable, flexible and spatially aware integration of multiple spatial transcriptomics datasets from diverse sources",10.1038/s41588-026-02579-x,42045691,2026,Nature Genetics,Layer1/Layer2 reconciliation backfill,2026-05-06 reconciliation from confirmed Integration Layer2 targeted correction,Backfilled from confirmed Layer2 targeted correction; PubMed/DOI evidence verifies method identity and public code trace.,Yes,https://github.com/jiazhao97/INSPIRE,Optional GPU,Include,"Layer 1 evidence inclusion only; interpretability and representation-objective ambiguity remain Layer 2 caveats. No Layer 3 runtime, callable, adapter, or environment support implied."
Integration,Spatial continuous mapping and cross-omics correction,SpatialCOC,Spatial continuous mapping and cross-omics correction,spatial multi-omics data requiring continuous spatial mapping and cross-omics correction,cross-omics corrected representation and continuous spatial mapping outputs,"integration combines spatial omics datasets across modalities, samples, batches, sections, or coordinate systems; row subtask: continuous spatial mapping and cross-omics correction",,SpatialCOC: an integrative framework for spatial continuous mapping and cross-omics correction in spatial multi-omics data,10.1038/s41467-026-71882-2,41991905,2026,Nature Communications,Layer1/Layer2 reconciliation backfill,2026-05-06 reconciliation from confirmed Integration Layer2 targeted correction,Backfilled from confirmed Layer2 targeted correction; PubMed/DOI evidence verifies method identity and public code trace.,Yes,https://github.com/xjtu-omics/SpatialCOC,Optional GPU,Include,"Layer 1 evidence inclusion only; cross-omics correction requires overcorrection and mapping caveats. No Layer 3 runtime, callable, adapter, or environment support implied."
Integration,Gene-program integration and annotation,SSpMosaic,Interpretable gene-program integration and annotation,single-cell and spatial omics data with expression features suitable for interpretable gene-program modeling,"integrated representation, gene-program factors, and annotation-supporting outputs","integration combines spatial and single-cell omics while preserving boundaries to standalone annotation, program discovery, and domain/ecotype discovery",,Robust integration and annotation of single-cell and spatial omics data using interpretable gene programs,10.1016/j.xgen.2025.101105,,2025,Cell Genomics,Layer1/Layer2 reconciliation backfill,2026-05-06 reconciliation from confirmed Integration Layer2 targeted correction,Backfilled from confirmed Layer2 targeted correction; DOI/publisher evidence verifies method identity and public code trace.,Yes,https://github.com/compbioNJU/SSpMosaic,Optional GPU,Include,"Layer 1 evidence inclusion only; Integration placement applies only when integration remains the center of gravity. Standalone annotation, program discovery, or domain/ecotype discovery route to their own topics. No Layer 3 runtime, callable, adapter, or environment support implied."
